player_name,position,height(inches),weight(lbs),high_school,college,draft_year,years_in_college,games,minutes_per_game,points,rebounds,assists,steals,blocks,turnovers,fg_percent,3_fg_percent,free_throw_percent,effective_fg_percent,player_efficiency_rating,win_shares
Jason Iacona,Center,85.0,216,,Coppin State,2001,4,26.0,,0.5,0.2,0.0,0.0,0.0,,25.0,,55.6,25.0,,-0.1
_ Iacovino,,,,,St. Bonaventure,1948,1,,,,,,,,,,,,,,
Tom Iane,Guard,72.0,183,,Maine,1968,1,19.0,,3.1,1.6,,,,,33.3,,63.0,,,
Mike Iannarella,,,,,UNC,1964,1,3.0,,,,,,,,,,,,,
Anthony Ianni,Center,81.0,260,,Michigan State,2012,2,27.0,1.6,0.2,0.4,0.1,0.0,0.0,0.1,40.0,,50.0,40.0,8.2,0.1
Andres Iarrazabel,Forward,79.0,201,,UT-Martin,2009,2,46.0,,1.6,2.0,0.4,0.2,0.4,0.3,41.3,,50.0,41.3,,0.8
Jacob Iati,Guard,61.0,165,York Catholic,High Point and Albany (NY),2013,4,112.0,20.0,5.8,1.2,1.0,0.5,0.0,0.7,40.1,40.1,80.6,55.4,,6.2
Jon Iati,Guard,69.0,175,,Albany (NY),2007,4,129.0,,8.9,1.6,1.7,0.6,0.0,1.4,36.8,35.2,79.6,48.2,,5.2
Tony Iati,Guard,69.0,175,,Iona,1982,4,113.0,,3.2,1.0,2.6,0.5,0.0,,42.0,,65.6,,,
Marc Iavaroni,Forward,80.0,210,,Virginia,1978,4,110.0,29.7,11.3,6.5,1.0,0.6,0.4,,49.0,,68.2,,,
Fred Iavorni,Forward,,,,Santa Clara,1973,1,26.0,,13.7,10.6,2.8,,,,48.6,,49.5,,,
Gene Iba,,,,,Tulsa,1961,2,10.0,,0.4,0.4,,,,,,,100.0,,,
Moe Iba,Guard,73.0,185,,Oklahoma State,1962,3,63.0,,10.3,2.1,,,,,42.8,,84.0,,,
Skip Iba,Guard,75.0,190,,Oklahoma State,1966,3,69.0,,2.9,2.1,,,,,38.2,,55.8,,,
Ervin Ibach,Forward,61.0,180,,Miami (FL),1949,1,17.0,,2.3,,,,,,23.3,,52.4,,,
Igor Ibaka,Forward,81.0,240,,Oklahoma State,2016,1,7.0,3.3,0.9,1.1,0.0,0.1,0.0,0.3,50.0,,50.0,50.0,14.2,0.1
Fernando Ibanez,Forward,79.0,201,,Marshall,1993,2,37.0,,1.8,1.4,0.5,0.4,0.1,,36.6,17.9,71.4,40.1,,
James Ibanez,Forward,75.0,190,,Bucknell,1968,1,9.0,,1.0,0.8,,,,,57.1,,33.3,,,
Wayne Ibarolle,Forward,78.0,198,,Nevada,1975,1,24.0,,3.7,3.1,0.2,,,,58.1,,48.6,,,
Josh Ibarra,Center,73.0,235,Angleton HS,Houston Baptist,2017,3,80.0,21.0,9.6,6.8,0.8,0.3,1.4,1.5,61.6,,57.4,61.6,23.5,6.6
Prince Ibeh,Center,73.0,260,Naaman Forest HS,Texas,2016,4,135.0,13.1,3.0,3.4,0.1,0.3,1.6,0.8,55.7,0.0,43.2,55.7,14.8,4.7
Ekene Ibekwe,Forward,81.0,206,,Maryland,2007,4,127.0,,8.7,6.1,0.7,0.9,1.8,,47.7,23.7,59.5,48.2,,12.0
Onye Ibekwe,Forward,80.0,203,,Oklahoma State and Long Beach State,2006,3,51.0,,4.4,4.6,0.4,0.6,0.3,,43.5,,48.5,43.5,,1.0
Kris Ibezim,Forward,79.0,201,,Quinnipiac,2002,1,5.0,,3.2,2.8,0.0,0.4,1.0,,45.5,,50.0,45.5,,0.2
Sam Ibiezugbe,Forward,73.0,250,The Masters School,Monmouth,2017,1,29.0,7.5,1.2,2.2,0.0,0.1,0.6,0.3,38.5,,50.0,38.5,8.4,0.4
Femi Ibikunle,Forward,81.0,206,,Texas Christian,2007,4,125.0,,4.0,4.3,0.4,0.4,0.3,,42.8,,43.4,42.8,,2.8
Adedeji Ibitayo,Guard,76.0,200,Rich Central,Akron,2015,4,102.0,14.8,5.9,2.3,0.7,0.5,0.3,0.9,42.4,34.7,66.0,50.8,16.8,5.2
Idong Ibok,Center,73.0,211,,Michigan State,2009,4,108.0,,0.9,1.4,0.1,0.1,0.5,0.4,58.3,,52.0,58.3,,2.9
Ahmad Ibrahim,Forward,78.0,220,,Rice,2012,1,33.0,18.6,6.2,1.9,1.0,0.5,0.5,1.1,37.0,30.7,71.9,43.5,10.2,0.8
Mohammed Ibrahim,Guard,76.0,193,,Louisiana Tech,2006,1,10.0,,1.5,0.6,0.4,0.2,0.3,,46.2,30.0,,57.7,,0.3
D. Ice,,,,,Penn State,1979,1,6.0,,1.0,1.3,,,0.2,,25.0,,66.7,,,
Mike Ice,Center,73.0,208,,Iona,1982,2,55.0,,4.9,3.8,0.3,0.1,0.3,,53.9,,61.8,,,
Yassin Idbihi,Forward,73.0,208,,Buffalo,2007,4,122.0,,12.4,6.9,1.5,0.6,0.8,,46.6,30.8,77.5,49.4,,12.6
Martin Ides,Center,86.0,218,,Davidson,2002,4,103.0,,6.4,3.9,0.8,0.3,0.7,,43.9,33.3,66.4,44.4,,4.7
Chad Ideus,Forward,79.0,201,,Nebraska,1996,1,10.0,,2.7,1.5,0.4,0.2,0.3,,56.3,55.6,100.0,71.9,,0.4
Jerry Idle,Forward,78.0,198,,Idaho,1977,1,25.0,,2.6,1.5,,,,,42.6,,72.7,,,
Ken Idlebird,Guard,61.0,180,,Prairie View,1987,1,5.0,,2.6,,0.4,,,,24.0,,33.3,24.0,,
James Idleburg,Forward,75.0,190,,Mississippi Valley State,1988,2,50.0,,6.0,3.5,1.5,0.6,0.1,,41.1,36.2,66.1,43.9,,
Steven Idlet,Forward,73.0,247,,Tulsa,2012,4,132.0,23.8,8.0,5.0,0.8,0.5,0.9,1.3,51.7,50.0,71.5,51.8,,11.7
Samuel Idowu,Forward,79.0,219,Lafayette Educational Complex,St. Peter's,2017,2,60.0,9.2,4.2,2.1,0.2,0.2,0.4,0.5,50.5,38.8,45.7,58.8,20.6,2.2
Idris Ibn Idris,Guard,75.0,190,,UC-Riverside,2010,1,1.0,3.0,0.0,2.0,0.0,0.0,0.0,0.0,,,,,13.6,0.0
Teslim Idris,Forward,78.0,200,,Savannah State,2016,1,29.0,11.5,2.1,1.4,0.3,0.3,0.2,0.5,48.1,41.7,43.8,52.9,8.5,0.6
Younes Idrissi,Forward,80.0,203,,Georgia,2006,2,57.0,,5.1,3.0,0.3,0.6,1.1,,40.1,0.0,62.5,40.1,,1.4
Osahen Iduwe,Center,73.0,235,St. Johns NW Military,Georgia,2016,2,28.0,2.9,0.3,0.3,0.0,0.1,0.1,0.1,28.6,,50.0,28.6,1.9,0.1
Steve Idzik,,,,,St. Joseph's,1957,2,26.0,,2.0,2.1,,,,,45.7,,75.0,,,
Charles Ieans,Forward,81.0,210,Pflugerville,Coppin State,2014,2,58.0,13.3,3.4,2.1,0.4,0.2,0.4,0.7,38.7,33.9,54.9,43.7,8.2,0.6
Fred Iehle,,,,,La Salle,1953,3,,,,,,,,,,,,,,
Lou Iezzi,,,,,Duquesne,1954,2,52.0,,3.3,,,,,,26.7,,66.0,,,
Ude Ifeanyichukwu,Forward,73.0,235,Laramie CC,Southern Miss,2014,1,17.0,3.0,0.5,0.7,0.1,0.1,0.3,0.1,42.9,,60.0,42.9,12.3,0.2
Martins Igbanu,Forward,80.0,240,Covenant Christian Academy,Tulsa,2017,1,32.0,15.3,6.2,4.0,0.2,0.2,0.3,1.4,55.9,55.6,58.9,58.1,16.9,1.3
Urule Igbavboa,Forward,80.0,203,,Valparaiso,2009,4,119.0,,9.9,5.9,1.5,0.6,0.6,2.2,53.6,26.4,62.5,54.5,,11.0
Emmanuel Igbinosa,Guard,74.0,188,,Stanford,2010,2,27.0,10.0,3.6,1.2,0.3,0.2,0.1,0.6,45.6,33.3,55.6,55.1,,0.5
Mantas Ignatavicius,Guard,75.0,190,,High Point,2002,3,75.0,,7.5,4.1,2.5,1.7,0.1,,39.2,27.3,80.2,43.9,,3.3
Vince Ignatowicz,Guard,72.0,183,,Montana,1960,1,24.0,,7.5,4.7,,,,,35.2,,70.5,,,
Michal Ignerski,Forward,73.0,208,,Mississippi State,2003,2,62.0,,8.9,4.2,1.0,0.6,0.3,,45.6,33.9,71.1,51.8,,4.8
Jovan Ignjatovic,Forward,81.0,206,,UIC,2009,4,72.0,,1.8,1.4,0.1,0.3,0.2,0.4,39.8,9.5,76.3,40.7,,0.9
Obrad Ignjatovic,Forward,73.0,208,,South Carolina,1993,2,39.0,,1.3,1.0,0.3,0.3,0.3,,32.1,17.6,47.6,34.8,,
Obrad Ignjatovic,Center,73.0,208,,South Carolina,1990,1,17.0,,2.1,1.5,0.3,0.3,0.5,,50.0,60.0,50.0,55.8,,
Shaun Igo,Center,73.0,208,,Rice,1997,4,94.0,,12.3,6.3,0.6,0.5,0.8,,50.9,0.0,71.2,50.9,,
Byron Igoe,,,,,Manhattan,1949,1,,,,,,,,,,,,,,
Andre Iguodala,Forward,78.0,207,,Arizona,2004,2,62.0,25.4,9.6,6.6,3.4,1.5,0.5,,42.4,27.4,73.8,45.8,,5.4
Frank Iguodala,Forward,77.0,196,,Dayton,2004,2,55.0,,1.5,1.9,0.4,0.2,0.3,,50.8,,53.3,50.8,,1.3
Josh Ihde,Forward,80.0,203,,SMU,1999,2,29.0,,1.4,1.2,0.1,0.1,0.0,,42.9,44.4,57.1,48.6,,0.4
Ugo Ihekweazu,Forward,77.0,196,,Wofford and Cornell,2007,3,61.0,,2.2,2.1,0.4,0.4,0.2,,52.3,,43.6,52.3,,1.1
Richard Ijeh,Guard,73.0,185,,Central Connecticut,1999,2,52.0,,3.8,1.4,1.2,0.5,0.0,,36.9,31.3,67.3,45.3,,0.7
Todd Ikard,Forward,,,,Oklahoma State,1960,3,18.0,,,,,,,,,,,,,
Anthony Ike,Forward,77.0,196,,Texas Southern,2008,1,32.0,,7.4,4.7,0.7,0.5,0.1,1.4,40.0,47.5,62.7,45.1,,0.9
Earl Ike,Center,80.0,203,,Alabama-Birmingham,1997,1,5.0,,0.8,0.8,0.0,0.2,0.0,,25.0,,100.0,25.0,,0.0
Jibrahn Ike,Guard,74.0,188,,Arkansas-Little Rock,2003,2,59.0,,12.1,3.2,1.4,1.3,0.1,,44.3,37.6,84.5,51.2,,5.1
Larry Ike,,,,,Michigan State,1971,1,6.0,,0.7,0.5,,,,,50.0,,,,,
Andy Ikeakor,Center,80.0,203,,Tennessee and Houston,2004,4,29.0,,1.9,2.4,0.4,0.6,0.2,,31.3,,48.0,31.3,,-0.1
Obi Ikeakor,Forward,80.0,203,,Saint Louis and New Orleans,2010,3,35.0,4.0,2.5,1.4,0.1,0.2,0.1,0.8,50.0,40.0,69.2,51.5,,0.7
Chy Chy Ikenokwalu,Forward,,,,St. Joseph's,1999,2,36.0,,0.8,1.1,0.1,0.1,0.2,,57.1,,46.2,57.1,,0.5
Larry Ikerd,Guard,75.0,190,,Butler,1984,3,60.0,14.8,3.1,1.5,,0.5,0.1,1.1,39.7,,70.5,,,
Emeka Ikezu,Forward,81.0,230,Hargrave Military Academy,Samford,2015,2,29.0,4.0,0.6,0.8,0.0,0.1,0.1,0.3,58.3,,30.0,58.3,1.2,0.0
Joe Ikhinmwin,Forward,78.0,220,,South Carolina State,2012,2,59.0,18.3,5.9,3.1,0.5,0.3,0.3,1.4,48.5,50.0,62.1,49.0,11.0,1.0
Clement Ikomi,Center,73.0,208,,Chicago State,1990,1,26.0,,5.8,4.5,0.3,0.3,1.2,,46.4,,82.5,46.4,,
Adida Ikongshul,Forward,78.0,185,Shawe Memorial High School,Western Michigan,2017,1,21.0,6.2,0.2,1.5,0.1,0.1,0.0,0.3,7.7,,40.0,7.7,-0.5,-0.1
Denis Ikovlev,Forward,79.0,201,,Nevada,2007,2,57.0,,4.8,2.7,0.7,0.2,0.4,,48.5,43.3,76.5,62.4,,3.5
Guy Ikpah,Guard,72.0,183,,Oklahoma State,2004,2,7.0,,0.0,0.0,0.0,0.0,0.0,,0.0,0.0,,0.0,,-0.2
Amadi Ikpeze,Forward,73.0,250,Amherst High School,St. Bonaventure,2017,1,24.0,9.2,2.2,1.9,0.0,0.3,0.5,0.5,45.8,,90.9,45.8,8.4,0.4
Christopher Ikuenobe,Forward,81.0,240,,Texas-Rio Grande Valley,2016,1,27.0,7.7,2.1,1.1,0.3,0.1,0.3,0.4,52.3,,54.5,52.3,10.8,0.2
Jack Ilcisin,Guard,75.0,190,,Creighton,1969,3,63.0,,6.4,2.8,,,,,39.6,,53.1,,,
Chris Iles,Guard,61.0,180,,Nicholls State,2010,2,61.0,28.2,5.9,1.5,2.7,0.7,0.0,1.8,35.2,35.8,79.6,43.8,,1.5
Trian Iliadis,Guard,75.0,185,,Old Dominion,2012,4,122.0,17.4,5.1,1.5,1.3,0.8,0.1,0.9,36.8,30.7,71.4,47.0,,6.1
Miroslav Ilic,Guard,,,,Centenary (LA),2001,2,55.0,,3.8,1.1,0.6,0.4,0.0,,32.4,33.6,68.4,45.4,,0.9
Sam Illedge,Guard,61.0,180,,Alabama State,2001,1,17.0,,0.3,0.1,0.1,0.1,0.0,,16.7,0.0,100.0,16.7,,0.0
Alex Illikainen,Forward,81.0,225,Brewster Academy (NH),Wisconsin,2017,2,60.0,9.1,1.8,1.5,0.4,0.1,0.1,0.3,38.0,29.5,59.3,44.5,9.3,1.2
Dave Ilnicki,Guard,77.0,196,,Northeastern,2002,1,6.0,,0.3,0.3,0.0,0.0,0.0,,50.0,,,50.0,,0.0
Chuka Iloegbu,Guard,75.0,190,,Coppin State,2009,2,58.0,,3.2,1.8,0.7,0.3,0.0,1.1,34.2,29.3,59.4,40.1,,0.3
Priit Ilver,Forward,80.0,203,,St. Francis (NY),2000,2,37.0,,2.5,1.4,0.3,0.4,0.4,,37.8,34.1,66.7,45.6,,0.7
Ilya Ilyayev,Forward,77.0,215,Palisades,Cal State Northridge,2013,1,12.0,2.8,0.5,0.5,0.0,0.0,0.0,0.2,40.0,50.0,0.0,60.0,2.7,0.0
Sean Imadiyi,Forward,79.0,207,,New Mexico and Boise State,2011,3,72.0,7.5,1.9,1.4,0.2,0.3,0.3,0.5,52.2,,43.5,52.2,,1.1
Etoile Imama,Guard,75.0,190,,Old Dominion,2008,1,2.0,,1.5,1.0,0.5,0.0,0.0,0.0,50.0,100.0,,75.0,,0.0
Korab Imami,Center,73.0,215,Adelphi Christian Academy,Oakland,2013,1,5.0,2.6,0.4,0.6,0.0,0.2,0.0,0.0,100.0,,,100.0,11.4,0.0
Larry Imburgia,Forward,73.0,185,,Cincinnati,1953,3,30.0,,14.2,7.1,,,,,40.9,,57.4,,,
David Imes,Forward,79.0,240,Boys & Girls/Winchendon Prep (MA),Hofstra,2013,4,112.0,25.0,6.3,5.0,0.7,0.8,0.8,1.1,42.0,26.7,67.2,45.1,13.3,5.4
Darrall Imhoff,,,,,University of California,1959,2,,3.5,,,,,,1.7,,,,,,
Dave Immel,Guard,76.0,193,,UCLA,1988,4,108.0,,7.7,1.9,2.0,1.1,0.1,,46.0,,73.8,,,
Dan Imming,Guard,61.0,178,,Tulane,1972,2,9.0,,,,,,,,,,,,,
Greg Imperi,Guard,75.0,190,,Marshall,1974,3,68.0,,3.2,2.2,,,,,31.9,,56.0,,,
George Imwalle,Forward,77.0,196,,Holy Cross,1960,1,11.0,,3.2,4.2,,,,,23.9,,48.1,,,
David Inabnit,Guard,76.0,193,,Chicago State,2005,1,28.0,,2.8,1.1,0.9,0.3,0.1,,33.3,25.6,84.6,39.3,,0.0
Bassey Inameti,Forward,80.0,215,,Tennessee Tech,2012,4,112.0,13.8,3.6,2.1,0.4,0.2,0.9,1.0,54.4,0.0,58.9,54.4,,2.7
Steve Inbusch,Guard-Forward,74.0,188,,Colgate,1970,2,29.0,,1.7,1.2,,,,,30.8,,69.2,,,
John Incardone,,,,,DePaul,1960,1,10.0,,2.6,0.8,,,,,54.5,,33.3,,,
Carl Ince,Guard,61.0,178,,Texas Tech,1955,3,74.0,,12.2,2.9,,,,,37.6,,66.4,,,
Charlie Inclan,Guard,61.0,165,Dorman HS,Presbyterian,2017,4,8.0,1.9,0.6,0.5,0.2,0.1,0.0,0.3,16.7,0.0,50.0,16.7,-8.5,-0.1
Dave Inderrieden,Guard,,,,Dayton,1967,2,27.0,,1.1,1.0,,,,,,,41.2,,,
Cole Indestad,Forward,80.0,203,,Morehead State,1997,4,70.0,,0.8,0.9,0.2,0.1,0.0,,46.7,,,46.7,,
Lloyd Industrious,Guard,75.0,190,,Mercer,1992,1,7.0,,1.7,0.3,0.3,,,,50.0,0.0,100.0,50.0,,
Bill Inedale,Guard,72.0,183,,Delaware,1963,1,15.0,,5.1,1.1,,,,,56.1,,33.3,,,
Jared Ines,Forward,79.0,201,,San Diego State,2005,1,5.0,,1.6,0.0,0.0,0.0,0.0,,100.0,,33.3,100.0,,0.1
Anthony Inge,Guard,75.0,190,,James Madison,1987,4,48.0,,1.6,0.6,,0.1,,,42.6,,,,,
James Inge,Guard,75.0,190,,Colorado,2007,1,15.0,,0.7,0.7,0.1,0.2,0.1,,50.0,0.0,20.0,50.0,,0.0
Kenny Inge,Forward,80.0,203,,North Carolina State,2001,4,123.0,,11.0,6.8,0.9,1.0,0.9,,49.1,23.2,68.1,49.8,,14.4
Riley Inge,Guard,75.0,190,,Mount St. Mary's,1996,3,84.0,,15.3,5.2,5.5,2.4,0.2,,46.3,35.8,79.2,52.2,,
Scott Inge,,,,,Duquesne,1979,1,3.0,,,,,,,,,,,,,
Sermaj Inge,Guard,76.0,193,,Temple,2009,4,111.0,,4.2,2.1,2.1,0.9,0.3,1.5,39.3,30.5,60.0,42.5,,2.6
Joe Ingegneri,Guard,74.0,188,,Iona,1997,1,6.0,,1.2,0.2,0.0,0.0,0.0,,50.0,33.3,100.0,62.5,,0.1
Martin Ingelsby,Guard,72.0,183,,Notre Dame,2001,4,123.0,,6.8,2.0,4.3,1.1,0.0,,42.5,42.4,81.7,55.8,,8.0
Tom Ingelsby,Guard,75.0,190,,Villanova,1973,3,87.0,,18.6,5.2,,,,,48.5,,77.7,,,
Adam Ingersoll,Guard,75.0,190,,USC,1995,1,2.0,,1.0,0.5,0.0,0.0,0.0,,50.0,,,50.0,,
Dommanic Ingerson,Guard,76.0,193,,Michigan and San Francisco,2006,4,108.0,,6.7,1.4,0.8,0.5,0.0,,35.6,34.5,74.0,46.4,,1.8
Aaron Ingle,Guard,72.0,175,,Wake Forest,2012,3,28.0,2.3,0.1,0.1,0.1,0.1,0.0,0.1,50.0,,50.0,50.0,0.8,0.0
Alvin Ingle,Center,76.0,193,,Austin Peay,1984,4,89.0,11.8,3.7,2.6,0.4,0.3,0.0,0.8,44.1,,65.1,,,
Golden Ingle,Guard,61.0,180,,Western Kentucky and Kennesaw State,2007,3,69.0,,11.4,2.2,5.0,1.7,0.0,,31.6,27.2,75.6,38.9,,
Israel Ingle,Guard,61.0,178,,Kennesaw State,2006,1,27.0,,2.9,1.0,0.8,0.6,0.1,,39.7,36.1,60.0,49.3,,
Fred Ingles,Forward,79.0,201,,Marist,1993,3,62.0,,13.7,5.8,1.4,0.7,0.3,,56.3,,52.2,56.4,,
Mark Ingles,Guard,74.0,188,,UTEP,1996,2,57.0,,12.3,2.9,2.1,1.2,0.1,,47.2,43.9,80.3,61.6,,
Zach Ingles,Guard,74.0,188,,Eastern Kentucky,2005,1,31.0,,11.7,2.6,1.7,0.7,0.0,,44.1,38.6,83.9,55.6,,2.9
Trent Inglesby,Guard,72.0,183,,Oregon State,1994,2,17.0,,1.2,0.8,0.8,0.5,0.0,,42.9,0.0,,42.9,,
Bob Inglis,Center,73.0,208,,BYU,1960,1,3.0,,1.7,0.7,,,,,50.0,,25.0,,,
Dave Inglis,,,,,Arizona,1956,2,42.0,,3.9,2.9,,,,,35.3,,59.2,,,
Gabriel Inglis,Forward,78.0,198,,Southern,2003,1,3.0,,5.0,1.3,0.0,0.0,0.3,,46.2,0.0,60.0,46.2,,0.1
Jimmie Inglis,Center,81.0,206,,Rutgers,2006,2,57.0,,4.8,2.6,0.3,0.4,0.2,,52.6,100.0,65.9,52.9,,2.6
Jim Ingold,Forward,79.0,201,,Memphis,1963,2,20.0,,0.8,0.8,,,,,,,64.7,,,
Roger Ingraham,Forward,80.0,203,,Seton Hall,1996,2,42.0,,7.5,5.2,0.7,0.5,0.8,,54.8,,58.1,54.8,,
Andre Ingram,Guard,75.0,190,,American,2007,4,118.0,,14.0,4.5,1.7,1.0,0.1,,39.3,38.5,78.7,48.6,,9.4
Andre Ingram,Forward,79.0,213,Minnesota Transitions,Minnesota,2013,2,63.0,9.6,1.8,1.7,0.1,0.4,0.4,0.5,48.4,,48.1,48.4,10.3,1.0
Anthony Ingram,Guard,72.0,183,,Arkansas-Little Rock,1984,1,29.0,18.7,4.3,1.7,2.4,0.7,0.0,2.7,31.9,,63.8,,,
Anthony Ingram,Guard,73.0,185,,Northern Arizona,1987,2,53.0,,3.8,1.3,1.2,0.6,0.1,,46.5,,64.4,,,
Bill Ingram,,,,,George Washington,1961,2,48.0,,7.9,7.3,,,,,41.6,,64.3,,,
Billy Ingram,Guard,78.0,185,Sumter Central,Alabama State,2015,2,31.0,8.4,2.7,1.1,0.3,0.2,0.1,0.6,38.8,28.3,56.3,46.9,8.2,0.3
Billy Ingram,Forward,76.0,193,,Oregon,1973,2,44.0,,8.0,5.3,,,,,41.5,,60.5,,,
Billy Bob Ingram,,,,,Auburn,1963,2,,,,,,,,,,,,,,
Bo Ingram,Forward,77.0,195,,Texas-Arlington,2012,2,62.0,26.0,12.1,4.6,0.7,0.7,0.1,2.0,42.6,35.3,76.0,52.3,15.7,5.7
Brandon Ingram,Guard,81.0,190,Kinston HS,Duke,2016,1,36.0,34.6,17.3,6.8,2.0,1.1,1.4,2.0,44.2,41.0,68.2,52.5,22.5,4.9
Chris Ingram,Center,81.0,206,,Middle Tennessee,1991,4,110.0,,6.6,4.1,0.3,0.2,0.7,,45.4,,70.7,45.4,,
Clarence Ingram,Forward,77.0,196,,American,1989,2,49.0,10.0,4.0,2.3,0.5,0.5,0.1,0.8,44.6,50.0,65.4,45.2,,
Cornelius Ingram,Guard,76.0,193,,Florida,2005,1,19.0,,1.4,0.5,0.5,0.2,0.0,,43.5,27.3,42.9,50.0,,0.2
Curtis Ingram,Guard,75.0,190,,Wofford,2005,2,28.0,,2.6,0.8,0.4,0.2,0.0,,41.3,43.9,36.4,55.6,,0.4
Damian Ingram,Guard,72.0,183,,Radford,1994,1,27.0,,7.7,2.3,3.7,1.6,0.1,,38.9,20.5,66.0,41.4,,
Darwyn Ingram,Center,73.0,208,,LIU-Brooklyn,1990,1,14.0,,0.9,1.1,,0.1,0.6,,27.3,,63.6,27.3,,
Darwyn Ingram,Center,,,,Cleveland State,1989,3,31.0,,,0.8,,0.2,0.3,,,,,,,
David Ingram,Guard,75.0,190,,Tennessee Tech,1993,1,11.0,,0.3,0.5,0.4,0.6,0.0,,11.1,33.3,,16.7,,
Dazon Ingram,Guard,77.0,205,Theodore HS,Alabama,2017,2,41.0,27.1,10.1,4.7,3.3,0.9,0.3,2.7,52.3,43.1,65.2,56.4,17.6,4.1
Denzel Ingram,Guard,72.0,171,Chapel Hill,Charlotte and North Carolina-Wilmington,2017,4,128.0,33.1,10.4,2.1,3.1,1.4,0.0,1.8,38.7,36.8,74.4,49.4,13.5,9.9
Donte Ingram,Guard,78.0,215,Simeon HS,Loyola (IL),2017,3,98.0,25.0,8.3,4.5,0.9,0.5,0.2,1.0,46.3,38.0,72.4,54.1,15.2,7.6
Elijah Ingram,Guard,72.0,183,,St. John's (NY) and New Mexico State,2007,4,114.0,,11.7,2.7,2.6,0.7,0.0,,37.7,38.3,78.3,49.0,,8.3
Frank Ingram,Forward,81.0,206,,South Carolina State,1988,3,78.0,,4.3,4.5,0.4,0.3,0.1,,45.5,,62.9,,,
Jack Ingram,Center,73.0,208,,Tulsa and Illinois,2005,4,143.0,,3.6,2.7,0.4,0.5,0.4,,44.5,31.8,76.9,46.8,,6.1
Jailyn Ingram,Forward,79.0,215,Morgan County High School,Florida Atlantic,2017,1,30.0,24.1,8.2,4.2,1.3,0.6,0.3,1.4,43.2,20.7,62.5,44.5,11.8,0.9
Jeremiah Ingram,Guard,79.0,215,Southfield Lathrup,North Carolina Central,2016,2,65.0,21.4,7.5,4.5,0.8,0.6,0.4,1.9,48.1,36.4,60.1,51.0,13.2,3.6
Jeremy Ingram,Guard,75.0,190,,Wake Forest and East Carolina,2007,3,57.0,,6.4,2.2,1.0,0.9,0.1,,36.4,33.9,68.8,47.8,,1.9
Jeremy Ingram,Guard,75.0,175,East Mecklenburg,North Carolina Central,2012,2,112.0,4.1,13.6,3.1,1.1,0.5,1.8,2.3,43.2,36.6,76.9,51.2,19.7,14.1
Jeremy Ingram,Guard,61.0,180,,Alabama A&M,2012,1,22.0,12.0,5.5,1.1,0.7,0.5,0.2,0.9,34.4,35.8,58.8,43.8,12.4,0.3
Jordan Ingram,Forward,79.0,201,,Fairleigh Dickinson,2007,4,90.0,,1.6,2.2,0.2,0.1,0.4,,48.5,47.1,76.9,52.5,,2.3
Julius Ingram,Forward,78.0,210,,Southern,2010,4,110.0,22.7,6.9,3.2,0.6,0.4,0.3,1.6,53.4,26.7,62.8,54.1,,3.6
Justin Ingram,Guard,74.0,188,,Toledo,2007,4,123.0,,12.1,3.7,3.1,1.8,0.2,,39.6,33.8,81.6,48.3,,10.1
Keyon Ingram,,,,,Ohio,2003,1,2.0,,0.5,0.5,0.0,0.0,0.0,,,,50.0,,,0.0
Kyle Ingram,Guard,76.0,193,,Fairleigh Dickinson,2007,1,3.0,,2.7,1.0,0.3,0.0,0.0,,50.0,0.0,50.0,50.0,,0.0
Kyle Ingram,Forward,80.0,220,,Idaho State,2016,1,31.0,20.5,6.0,4.6,1.1,0.3,1.1,1.2,53.0,100.0,60.9,53.4,14.3,1.4
Lawrence Ingram,Forward,77.0,196,,Murray State,1983,1,17.0,,0.6,0.6,0.2,,,,41.7,,,,,
Marquel Ingram,Guard,74.0,200,Pershing HS,Bethune-Cookman,2017,2,28.0,12.4,2.9,1.6,0.8,0.3,0.0,1.0,32.5,29.8,88.9,41.6,6.1,0.1
Maurice Ingram,Center,80.0,203,,Coastal Carolina,1997,3,77.0,,12.5,8.8,1.0,0.7,0.4,,50.9,0.0,54.0,50.9,,
Michael Ingram,Center,80.0,203,,Iowa,1990,3,,,,,,0.9,0.5,,,,,,,
Michael Ingram,Forward,80.0,203,,Missouri,1987,1,20.0,,4.3,3.4,1.3,0.7,0.3,,59.6,,61.0,59.6,,
Michael Ingram,,,,,Washington State,1980,1,3.0,,0.7,1.7,,0.3,,,25.0,,,,,
Mike Ingram,Forward,,,,Seton Hall,1983,2,26.0,,10.5,6.4,1.3,1.0,0.3,,45.1,,65.4,,,
Mike Ingram,Guard,,,,Central Michigan,1983,2,42.0,,5.7,0.9,1.6,0.6,0.0,,43.0,,74.0,,,
Nehemiah Ingram,Center,80.0,203,,Temple,2006,3,75.0,,1.2,1.8,0.0,0.2,0.1,,51.5,,41.8,51.5,,1.8
Norm Ingram,Guard,73.0,185,,Washington State,1952,1,14.0,,2.1,,,,,,,,45.5,,,
Pat Ingram,Guard,74.0,211,North Central,Iowa,2013,1,20.0,5.8,0.8,0.6,0.5,0.2,0.0,0.5,42.9,0.0,41.7,42.9,4.2,0.1
Patrick Ingram,Guard,74.0,218,North Central (IN),Idaho,2017,2,58.0,13.7,3.8,2.2,1.1,0.5,0.1,1.2,43.1,38.7,61.1,46.4,10.9,1.4
Ray Ingram,Guard,,,,Hofstra,1971,2,25.0,,1.6,1.3,,,,,23.7,,,,,
Reggie Ingram,Guard,74.0,188,,Southern Utah,1996,4,105.0,,9.3,2.6,3.0,1.3,0.2,,43.3,40.2,71.6,48.4,,
Shaunvanta Ingram,Guard,75.0,180,,Alcorn State,2011,2,49.0,12.2,4.2,2.3,0.5,0.3,0.1,1.4,33.5,19.1,67.7,36.4,6.5,-0.6
Terrell Ingram,Forward,77.0,196,,Chicago State,1996,2,53.0,,10.2,3.9,2.5,1.3,1.1,,39.5,31.8,72.0,43.6,,
Terrence Ingram,Forward,79.0,201,,South Alabama,1988,2,57.0,,3.2,2.9,0.8,0.4,0.3,,44.9,,56.9,44.9,,
Tory Ingram,Forward,77.0,196,,Southern,2002,1,23.0,,1.4,1.6,0.1,0.3,0.1,,40.9,,56.0,40.9,,0.1
Vashon Ingram,Guard,76.0,193,,UT-Martin,2007,2,7.0,,0.4,0.3,0.0,0.0,0.0,,6.3,9.1,,9.4,,-0.3
Vincent Ingram,Guard,,,,Chattanooga,1988,3,48.0,,4.1,1.1,0.5,0.4,0.1,,39.2,,,,,
_ Ingram,,,,,Brown,1989,1,1.0,3.0,,,,,,,,,,,,
_ Ingram,,,,,George Washington,1959,1,17.0,,1.6,2.8,,,,,29.3,,42.9,,,
Frank Inman,Center,79.0,201,,Georgia Tech,1959,2,51.0,,7.3,7.5,,,,,36.1,,69.6,,,
George Inman,Forward,78.0,198,,Georgia Tech,1958,1,4.0,,1.0,,,,,,20.0,,100.0,,,
James Inman,Forward,80.0,203,,New Orleans,1994,1,15.0,,2.5,2.0,0.3,0.1,0.5,,70.8,,66.7,70.8,,
Jeff Inman,Guard,74.0,188,,James Madison,1980,2,52.0,,4.0,1.0,2.1,0.6,0.2,,48.7,,73.6,,,
Jonathan Inman,Forward,77.0,225,,Alabama A&M,2010,4,111.0,16.9,5.8,3.9,0.5,0.5,0.6,1.1,53.4,0.0,57.1,53.4,,6.5
JR Inman,Forward,81.0,206,,Rutgers,2009,4,112.0,,9.5,6.1,0.7,0.6,0.9,2.0,40.7,33.8,69.9,45.7,,7.2
Mike Inman,Guard,78.0,198,,Trinity (TX),1971,2,37.0,,5.9,4.8,,,,,38.8,,,,,
Robert Inman,Forward,76.0,193,,Harvard,1964,3,56.0,,7.9,5.4,,,,,43.4,,77.5,,,
Stu Inman,Center,75.0,190,,San Jose State,1950,1,28.0,,14.9,,,,,,34.8,,71.9,,,
Tom Inman,Forward,,,,Bowling Green State,1948,1,21.0,4.4,2.4,,,,,,40.7,,27.3,,,
Travis Inman,Forward,75.0,190,,Indiana State,1992,4,108.0,,10.1,3.2,1.6,0.6,0.0,,43.4,42.4,82.6,51.7,,
Wayland Inman,Center,76.0,193,,Ole Miss,1957,4,63.0,,5.0,4.1,,,,,,,72.3,,,
Billy Inmon,Guard,74.0,188,,Morehead State,1997,1,18.0,,0.3,0.4,0.1,0.1,0.0,,33.3,,0.0,33.3,,0.0
Erv Inniger,Guard,75.0,190,,Indiana,1967,3,51.0,,6.7,2.7,,,,,45.3,,77.9,,,
Al Inniss,,,,,St. Francis (NY),1956,1,,,,,,,,,,,,,,
Warren Inniss,Center,76.0,193,,Loyola (IL),1954,3,33.0,,3.0,,,,,,36.9,,,,,
Bernard Innocent,Center,73.0,208,,Charleston Southern,1986,2,54.0,,13.9,6.5,0.1,0.3,0.4,,50.9,,65.6,,,
Harry Innocenti,,,,,Saint Mary's (CA),1960,1,3.0,,0.7,0.3,,,,,100.0,,,,,
_ Inselman,,,,,Rice,1966,1,,,,,,,,,,,,,,
Mike Inselmann,,,,,Rice,1967,1,24.0,,7.5,1.7,,,,,48.8,,86.4,,,
_ Inselmann,Guard,,,,Rice,1965,1,8.0,,2.0,0.2,,,,,55.6,,100.0,,,
Travis Inskeep,Guard,74.0,188,,Eastern Kentucky,1997,2,47.0,,6.0,1.3,2.1,0.6,0.0,,39.6,39.2,68.1,47.8,,1.1
Patrick Inyard,Guard,,,,UMKC,2010,2,8.0,1.5,0.1,0.5,0.0,0.0,0.0,0.0,0.0,,50.0,0.0,,0.0
Ruslan Inyatkin,Forward,79.0,201,,UConn,1997,3,54.0,,1.3,0.8,0.1,0.2,0.1,,43.5,33.3,57.1,44.4,,
Tony Ioane,Forward,76.0,193,,Idaho State,1969,1,12.0,,15.7,6.7,0.2,,,,50.7,,74.6,,,
Sam Iorio,,,,,Villanova,1964,2,27.0,,1.7,2.0,,,,,43.5,,46.2,,,
Andres Irarrazabal,Forward,79.0,235,,UT-Martin,2011,2,62.0,20.1,4.6,3.7,0.5,0.6,0.6,0.8,53.1,,68.2,53.1,13.1,2.5
Cortez Irby,Guard,76.0,193,,Kennesaw State,2010,1,18.0,5.4,0.8,1.1,0.4,0.3,0.0,0.2,14.7,7.1,100.0,17.6,3.5,-0.1
David Irby,Guard,72.0,180,Walnut Hills,San Francisco,2015,2,6.0,1.5,0.5,0.0,0.0,0.0,0.0,0.0,100.0,100.0,,150.0,16.8,0.0
Bill Iredale,Guard,,,,Delaware,1964,1,6.0,,4.2,1.5,,,,,43.5,,55.6,,,
Anthony Ireland,Guard,61.0,170,Winchedon School,Loyola Marymount,2014,4,132.0,35.1,16.5,3.9,4.2,1.5,0.1,2.8,41.5,34.5,79.6,47.0,19.6,14.4
Anthony Ireland,Center,77.0,196,,New Mexico State,1990,1,8.0,,0.6,0.1,0.2,,,,50.0,50.0,100.0,75.0,,
Arthur Ireland,Guard,75.0,190,,Denver,2001,3,82.0,,13.2,4.7,1.6,0.7,0.4,,39.0,33.6,73.8,47.3,,4.7
Frank Ireland,Guard,74.0,188,,Stetson,1991,4,116.0,,9.6,3.0,4.5,1.1,0.1,,41.5,42.0,75.5,46.9,,
Mike Ireland,Center,79.0,201,,Notre Dame,1959,3,29.0,,1.8,2.4,,,,,26.9,,68.0,,,
Tim Ireland,Forward,76.0,193,,USC,1970,3,6.0,,,,,,,,,,,,,
Jamie Irick,Guard,74.0,188,,Army,1996,4,72.0,,2.7,1.6,1.0,0.4,0.0,,40.2,23.1,59.4,41.9,,
Steve Irion,Center,80.0,203,,Harvard,1977,2,47.0,,9.5,4.5,0.3,,,,48.0,,73.0,,,
Adam Irish,,,,,Loyola (MD),2000,1,2.0,,0.0,0.0,0.0,0.0,0.0,,,,,,,0.0
Colin Irish,Forward,78.0,198,,Bowling Green State,1983,4,111.0,,14.1,7.8,1.8,0.9,0.6,2.9,49.8,,63.2,,,
Jose Irizarry,Guard,72.0,175,Royal Family Prep,St. Peter's,2013,1,3.0,3.0,0.7,0.0,0.0,0.0,0.0,0.0,100.0,,,100.0,12.4,0.0
Chuks Iroegbu,Guard,76.0,205,Franklin,Northern Illinois,2016,2,64.0,13.9,4.9,2.0,0.5,0.6,0.3,0.8,62.5,18.2,58.7,63.7,17.5,3.2
Ike Iroegbu,Guard,74.0,190,Oak Hill Academy,Washington State,2017,4,124.0,27.5,9.9,3.1,3.0,0.7,0.1,2.0,43.3,35.3,72.4,49.3,14.0,5.3
UC Iroegbu,Guard,72.0,180,Capital Christian High School,Stony Brook,2017,1,32.0,17.8,5.1,2.0,0.8,0.3,0.3,0.6,31.6,29.9,76.2,43.3,9.0,0.8
Willie Irons,Guard,74.0,188,,Oral Roberts,1988,4,107.0,,9.4,2.1,3.7,1.5,0.2,,41.4,,68.2,,,
Fred Iruafemi,Forward,78.0,205,Middle Creek HS,Virginia Military Institute,2017,3,86.0,12.0,2.3,2.3,0.6,0.5,0.9,0.5,50.3,0.0,69.6,50.3,12.9,2.3
Byron Irvin,Guard,77.0,190,,Arkansas and Missouri,1989,4,127.0,29.9,12.2,3.2,2.2,1.5,0.2,2.0,50.1,,75.6,,,
Dwayne Irvin,Guard,75.0,190,,Ball State,1978,2,50.0,15.3,5.9,1.1,1.2,,,,42.0,,72.9,,,
Fess Irvin,Guard,73.0,185,,James Madison,1991,2,60.0,,10.7,2.8,3.5,1.1,0.0,,48.3,13.3,80.4,48.5,,
Fess Irvin,Guard,73.0,185,,LSU,1988,2,65.0,,4.7,1.3,1.8,0.6,,,35.3,41.2,81.4,40.3,,
Franklyn Irvin,Forward,75.0,190,,Wyoming,1972,2,47.0,,10.9,5.9,,,,,39.2,,77.0,,,
George Irvin,Guard,72.0,183,,Air Force,1993,3,83.0,,10.7,3.1,2.2,1.2,0.2,,42.2,36.7,75.7,48.4,,
George Irvin,Guard,73.0,185,,Air Force,1990,1,28.0,,2.1,1.1,0.8,0.3,0.0,,33.3,0.0,50.0,33.3,,
James Irvin,Forward,77.0,196,,Texas-Rio Grande Valley,1986,1,8.0,,2.4,1.2,0.6,0.4,0.1,,38.5,,90.0,,,
Lance Irvin,Guard,73.0,185,,Idaho,1991,1,24.0,,3.6,1.5,2.3,0.9,0.0,,39.3,31.3,68.0,43.4,,
Lance Irvin,Guard,74.0,188,,Colorado State,1988,1,32.0,,0.8,0.5,0.9,0.3,0.0,,30.0,0.0,70.0,30.0,,
McGlother Irvin,Guard,77.0,196,,Saint Louis,1992,1,17.0,,9.4,4.4,1.9,1.2,0.1,,41.6,37.0,57.1,45.3,,
Nick Irvin,Guard,,,,Fresno State,2001,2,43.0,,2.8,1.3,3.2,0.6,0.0,,29.6,23.6,64.9,37.0,,0.4
Ray Irvin,Center,81.0,206,,Texas Tech,1986,4,120.0,,4.7,3.0,,0.2,0.3,,40.9,,71.0,,,
Roy Irvin,Center,77.0,196,,USC,1954,2,58.0,4.4,12.6,7.7,,,,3.2,40.2,,67.6,,,
Tommy Irvin,,,,,Houston,1952,1,12.0,,0.9,,,,,,,,62.5,,,
Zak Irvin,Guard,78.0,215,Hamilton Southeastern HS,Michigan,2017,4,142.0,29.7,11.3,3.7,2.0,0.7,0.1,1.4,42.3,35.4,67.9,50.8,15.7,10.6
Earle Irvine,Forward,,,,Washington,1961,3,75.0,,7.3,4.8,,,,,38.8,,62.1,,,
George Irvine,Forward,78.0,198,,Washington,1970,3,78.0,,16.8,7.3,,,,,55.8,,74.4,,,
Jaime Irvine,Guard,76.0,193,,Columbia,2001,1,17.0,,1.8,0.8,0.3,0.1,0.1,,29.4,29.6,66.7,41.2,,0.0
Albert Irving,Forward,79.0,201,,Alcorn State,1982,4,95.0,23.5,11.9,6.1,,0.8,0.6,1.7,54.7,,69.0,,,
D.J. Irving,Guard,72.0,165,Archbishop Carroll,Boston University,2014,4,128.0,32.2,11.4,3.1,3.7,1.1,0.1,2.2,40.0,36.0,77.9,47.4,15.7,11.8
Drederick Irving,Guard,76.0,193,,Boston University,1988,4,122.0,32.6,15.8,2.7,2.0,1.1,0.1,2.0,46.9,,75.4,,,
Elden Irving,Guard,78.0,198,,New Orleans,1988,3,60.0,,4.7,1.6,0.7,0.4,0.3,,52.6,,67.5,,,
Elden Irving,Guard,77.0,196,,Tulane,1985,1,20.0,,1.4,0.5,0.4,0.1,0.1,,35.3,,75.0,,,
Jim Irving,Guard,73.0,185,,Saint Louis,1971,3,81.0,,15.7,2.9,,,,,41.2,,71.0,,,
John Irving,Forward,81.0,206,,Hofstra,1977,3,77.0,,13.2,15.4,,,,,52.8,,61.9,,,
John Irving,Forward,81.0,206,,Arizona,1973,1,26.0,,4.1,6.2,,,,,43.0,,40.0,,,
Kyrie Irving,Guard,74.0,180,,Duke,2011,1,11.0,27.5,17.5,3.4,4.3,1.5,0.5,2.5,52.9,46.2,90.1,61.5,32.5,2.4
Leon Irving,Forward,,,,Oral Roberts,2000,2,52.0,,9.9,4.4,1.1,0.6,0.8,,54.8,,59.9,54.8,,4.1
Martavious Irving,Guard,73.0,200,Boyd Anderson,Kansas State,2013,4,130.0,16.3,4.1,1.4,1.3,0.6,0.0,0.8,39.2,35.3,62.8,47.3,10.2,5.0
Michael Irving,Guard,73.0,185,,Rice,1988,4,108.0,,2.3,1.2,1.2,0.6,0.0,,38.8,,74.7,,,
Wayne Irving,Forward,79.0,201,,Chicago State,1985,1,27.0,,8.4,5.1,1.0,1.1,0.1,,45.2,,63.9,,,
Wayne Irving,Forward,78.0,198,,Wyoming,1982,1,25.0,,1.9,1.4,0.5,0.3,,,45.5,,63.0,,,
Bryant Irwin,Forward,79.0,220,Bridgeport,St. Joseph's and Furman,2013,4,121.0,23.1,5.3,2.5,0.4,0.3,0.4,0.8,36.0,29.1,63.6,43.6,,2.1
Dwayne Irwin,Guard,76.0,193,,Ball State,1980,2,56.0,26.2,7.6,1.8,1.8,0.8,0.0,1.9,48.0,,75.6,,,
John Irwin,,,,,Georgetown,1980,3,19.0,,,0.3,0.5,0.3,,,,,,,,
Lawrence Irwin,Center,86.0,218,,Loyola Marymount,1986,2,23.0,,,2.0,,,0.7,,,,,,,
Logan Irwin,Guard,61.0,170,Whitko,Stetson,2013,1,7.0,21.7,5.9,1.7,2.9,0.3,0.0,1.9,73.3,71.4,87.5,90.0,13.5,0.4
Gabe Isaac,Guard,,,,Texas-Arlington,1998,1,29.0,,2.5,1.7,2.1,0.6,0.0,,30.6,20.0,56.8,33.3,,0.0
John  Isaac,Guard,75.0,208,,LSU,2012,1,31.0,14.2,2.7,1.2,1.1,0.2,0.1,1.0,33.7,28.6,76.2,38.2,4.8,0.2
Jonathan Isaac,Forward,73.0,210,IMG Academy,Florida State,2017,1,32.0,26.2,12.0,7.8,1.2,1.2,1.5,1.5,50.8,34.8,78.0,56.8,24.6,4.3
Leon Isaac,Guard,73.0,185,,Middle Tennessee,1985,2,33.0,,4.4,1.4,1.3,0.4,,,45.8,,80.0,,,
Reggie Isaac,Guard,78.0,198,,Coppin State,1991,3,92.0,,21.1,3.1,1.7,1.4,0.1,,45.0,38.8,77.6,52.3,,
Todd Isaac,,,,,Holy Cross,1992,1,5.0,,,,,,,,,,,,,
Tom Isaac,Center,78.0,198,,UTEP,1968,1,7.0,,1.6,1.4,,,,,40.0,,70.0,,,
Warren Isaac,Center,,,,Iona,1963,1,19.0,,18.1,12.7,,,,,51.2,,65.3,,,
_ Isaac,,,,,Coppin State,1988,1,,,,,,,,,,,,,,
_ Isaac,,,,,Iona,1965,1,23.0,,24.3,20.9,,,,,50.1,,79.9,,,
_ Isaac,,,,,Iona,1964,1,20.0,,21.9,20.1,,,,,52.7,,73.0,,,
Carl Isaacs,,,,,Stanford,1955,1,4.0,,0.5,,,,,,50.0,,,,,
Daniel Isaacs,Guard,,,,Appalachian State,1998,1,2.0,,3.0,1.0,0.0,0.0,0.0,,66.7,100.0,25.0,83.3,,0.1
Garvin Isaacs,,,,,Texas Christian,1966,1,22.0,,4.5,1.4,,,,,42.0,,65.2,,,
Larry Isaacs,Forward,,,,Purdue,1963,3,,,,,,,,,,,,,,
Steve Isaacs,Forward,75.0,190,,Muhlenburg,1963,1,6.0,,,,,,,,,,,,,
Wayne Isaacs,Forward,,,,Citadel,1964,2,37.0,,6.4,4.1,,,,,38.3,,66.0,,,
_ Isaacs,,,,,Citadel,1963,1,19.0,,6.7,5.3,,,,,38.0,,71.4,,,
Dave Isaacson,Forward,,,,Utah State,1998,2,40.0,,3.3,1.8,0.2,0.0,0.0,,48.0,18.8,66.7,49.5,,0.9
Richard Isaacson,Forward,79.0,201,,Fresno State,1978,2,43.0,,3.4,2.2,0.5,,,,42.3,,50.0,,,
Conrad Isaak,Guard,75.0,190,,Idaho State,2002,1,1.0,,0.0,0.0,0.0,0.0,0.0,,,,,,,0.0
Gene Isabell,Center,80.0,203,,Sam Houston State,1995,4,86.0,,2.5,2.2,0.3,0.3,0.3,,46.1,,51.1,46.1,,
Tramaine Isabell,Guard,72.0,180,Garfield HS,Missouri and Drexel,2016,2,55.0,15.7,5.2,1.5,1.3,0.7,0.0,1.3,35.0,28.2,75.3,40.3,10.2,0.4
Kenyatta Isable,Guard,,,,Texas State,1998,2,55.0,,3.5,1.1,0.2,0.2,0.1,,33.5,32.2,73.3,45.7,,0.6
Aleksandar Isailovic,Guard,76.0,185,Provincetown,St. Francis (NY),2014,2,55.0,16.1,3.3,1.5,0.5,0.6,0.2,0.5,30.2,27.0,80.0,40.8,7.0,0.9
Dennis Isbell,Forward,,,,Memphis,1981,4,106.0,,9.2,6.5,,0.6,1.7,,49.1,,57.6,,,
Alex Iseghohi,Forward,77.0,196,,Rider,2001,2,44.0,,1.6,1.9,0.5,0.2,0.3,,34.3,0.0,43.6,34.3,,0.0
John Isembarger,,,,,Indiana,1968,1,3.0,,0.7,0.3,,,,,16.7,,,,,
Jack Isenbarger,Guard,74.0,180,Zionsville,Elon,2014,4,122.0,27.5,11.8,3.1,2.4,0.7,0.0,1.7,38.9,36.6,84.2,50.4,16.5,10.0
Phil Isenbarger,Forward,80.0,203,,Indiana,1981,4,87.0,,2.2,1.3,0.6,0.2,0.1,,45.1,,63.4,,,
Larry Isenberg,Forward,76.0,193,,Boston University,1962,3,51.0,,15.5,10.7,,,,,43.4,,70.7,,,
Jack Isenhour,,,,,Army,1966,2,,,,,,,,,,,,,,
Michael Isenhour,Forward,80.0,203,,Georgia Tech,2001,2,39.0,,0.9,1.0,0.4,0.2,0.1,,31.1,,64.3,31.1,,0.0
Mike Isenhour,Forward,,,,Air Force,1998,1,21.0,,1.2,1.6,0.2,0.0,0.3,,26.7,0.0,52.6,26.7,,-0.1
Mick Isgrigg,Forward,76.0,193,,Ohio,1981,2,42.0,,2.4,1.1,0.2,0.2,0.0,,36.8,,53.3,,,
Justin Isham,Guard,77.0,196,,SMU,2005,4,116.0,,7.4,3.3,1.8,1.1,0.4,,42.6,31.3,65.0,47.3,,5.5
Mat Ishbia,Guard,61.0,178,,Michigan State,2002,3,48.0,,0.6,0.2,0.3,0.1,0.0,,42.9,33.3,47.1,47.6,,0.3
Love Ishie,Center,81.0,206,,Citadel,1992,2,9.0,,1.1,,,,,,22.7,,,,,
Charles Ishmael,Guard,77.0,196,,Kentucky,1964,2,44.0,,7.9,3.4,1.0,,,,42.5,,75.6,,,
DeMarcus Ishmeal,Guard,69.0,175,,Oakland,2005,2,61.0,,3.9,1.5,3.1,1.1,0.0,,35.1,28.7,60.3,44.4,,1.2
Theatric Ishmon,Forward,77.0,196,,Jackson State,1994,1,19.0,,1.4,0.7,0.3,0.1,0.1,,55.0,,41.7,55.0,,
Brian Ishola,Guard,77.0,210,East Ridge HS,North Dakota State,2016,2,33.0,5.8,0.8,0.7,0.1,0.1,0.0,0.2,40.0,0.0,75.0,40.0,4.8,0.3
Tarre Isiah,Center,81.0,206,,Arizona State,1987,2,56.0,23.4,7.0,5.4,0.4,0.4,0.6,1.6,43.4,,62.8,,,
Johnson Isidore,Forward,77.0,196,,Western Illinois,1997,1,2.0,,4.5,4.0,0.5,1.5,0.5,,44.4,33.3,,50.0,,0.1
Tim Island,Guard,78.0,198,,Long Beach State and San Diego State,2009,2,35.0,,1.8,0.9,0.1,0.1,0.1,0.0,31.3,29.5,71.4,41.4,,0.1
Bud Islas,,,,,Arizona State,1953,2,50.0,,8.9,,,,,,,,76.6,,,
Oscar Islas,,,,,Arizona,1954,3,45.0,,1.5,1.1,,,,,22.0,,54.1,,,
Leroy Isler,Guard,77.0,204,Boys & Girls,Arkansas-Little Rock,2014,2,62.0,26.5,7.3,3.3,1.2,0.9,0.1,1.8,39.4,31.2,72.3,43.4,9.8,2.6
David Isles,Forward,77.0,196,,Miami (FL),1995,1,1.0,,0.0,0.0,0.0,0.0,0.0,,0.0,,,0.0,,
Nelson Isley,Guard,76.0,193,,North Carolina State,1969,2,49.0,,6.5,1.6,,,,,49.0,,56.5,,,
Nelson Isley,Guard,75.0,190,,LSU,1971,1,26.0,,17.3,1.9,3.8,,,,53.3,,78.4,,,
Charles Ismael,Guard,76.0,193,,Kentucky,1962,1,8.0,,2.0,1.2,,,,,40.0,,,,,
Ahmed Ismail,Center,86.0,285,Nakhas Zagazig,Manhattan,2017,1,30.0,16.2,3.9,4.8,0.3,0.2,1.0,1.5,50.6,20.0,61.5,51.2,10.4,0.6
Mack Isner,,,,,West Virginia,1954,2,49.0,,10.5,10.0,,,,,31.4,,65.8,,,
Mareik Isom,Forward-Guard,79.0,215,Bowie HS,Arkansas-Little Rock and Texas,2017,4,110.0,6.9,5.2,2.4,0.3,0.1,0.2,0.3,41.0,37.7,73.7,52.1,14.3,5.3
Ryan Isom,Guard,72.0,183,,Austin Peay,2005,1,24.0,,1.1,0.1,0.1,0.1,0.0,,52.9,53.3,33.3,76.5,,0.3
_ Isom,,,,,Virginia Tech,1975,1,,,,,,,,,,,,,,
Joseph Ison,Forward,78.0,198,,Robert Morris,2005,1,27.0,,4.3,2.4,0.5,0.6,0.5,,46.0,0.0,58.7,46.0,,0.7
Keith Ison,Guard,72.0,183,,Campbell,1992,1,31.0,22.7,5.7,2.0,2.0,1.5,0.0,2.4,43.1,33.3,62.6,43.5,,
Kevin Israel,Guard,68.0,173,,St. Francis (NY),1991,4,99.0,,6.3,1.2,1.6,1.1,0.0,,38.0,35.3,74.7,43.4,,
Cole Israelson,Center,81.0,280,Cass City HS,Central Michigan,2017,2,15.0,1.9,0.7,0.5,0.0,0.0,0.1,0.1,33.3,,66.7,33.3,10.0,0.0
Omari Isreal,Forward,81.0,206,,Notre Dame and Loyola (MD),2008,3,74.0,,6.3,4.8,1.0,0.6,1.4,2.1,46.1,50.0,60.6,46.4,,3.3
Morece Issac,Forward,76.0,177,,Saint Francis (PA),2012,1,7.0,2.0,0.3,0.4,0.0,0.0,0.1,0.1,100.0,,,100.0,4.1,0.0
Tom Issac,Guard,78.0,198,,UTEP,1970,3,40.0,,1.7,1.6,,,,,47.8,,71.4,,,
Carl Issacs,,,,,Stanford,1957,1,16.0,,10.3,5.6,,,,,44.2,,70.9,,,
Garvin Issacs,Guard,72.0,183,,Texas Christian,1967,2,42.0,,5.3,1.3,,,,,41.1,,63.5,,,
Dan Issel,,,,,Kentucky,1970,3,83.0,35.5,25.8,12.9,1.2,,,,51.9,,73.8,,,
Danny Italiano,Guard,77.0,196,,Cal State Fullerton,1999,1,10.0,,1.0,0.4,0.2,0.0,0.0,,50.0,25.0,60.0,58.3,,0.1
Vicente Ithier,,,,,UConn,1984,1,21.0,,1.6,0.6,1.1,0.4,0.0,,27.3,,55.6,,,
VICENTE Ithier,Guard,73.0,185,,UConn,1983,1,17.0,,2.2,0.6,0.5,0.5,0.1,,59.3,,33.3,,,
Martin Iti,Center,84.0,213,,Charlotte and New Mexico State,2008,4,126.0,,5.8,4.5,0.5,0.3,1.2,1.4,55.6,0.0,43.7,55.6,,10.4
Taishi Ito,Guard,72.0,183,,Portland,2010,4,115.0,11.4,3.4,1.2,2.0,0.6,0.0,1.0,31.3,29.5,73.6,39.9,,1.1
Bob Ittner,,,,,Texas,1966,3,51.0,,2.2,1.8,,,,,39.2,,67.9,,,
Antxon Iturbe,Forward,,,,George Washington,2001,4,111.0,,3.9,4.5,0.9,0.6,0.2,,53.9,40.0,52.2,54.2,,6.0
Iker Iturbe,Forward,79.0,235,,Clemson,1998,3,92.0,,6.0,3.4,1.9,1.0,0.1,,46.4,30.4,56.9,49.4,,
Joseph Iupe,Guard,73.0,185,,Mississippi State,2008,2,24.0,,0.2,0.3,0.1,0.0,0.0,0.2,28.6,0.0,25.0,28.6,,-0.1
Mike Iuzzolino,Guard,61.0,175,,Penn State and Saint Francis (PA),1988,2,112.0,6.9,13.3,1.9,2.8,0.0,2.3,1.9,52.7,51.2,87.8,64.5,,
Larry Ivan,Forward,75.0,190,,Oklahoma,1958,2,31.0,,3.3,2.3,,,,,28.8,,76.1,,,
Nenad Ivancevic,Center,81.0,206,,Louisiana Tech,1995,1,4.0,,0.0,0.0,0.0,0.0,0.0,,,,,,,
Paul Ivancic,,,,,Cleveland State,1991,1,1.0,,,1.0,,,,,,,,,,
Ilija Ivankovic,Center,73.0,245,United Faith Christian Academy (NC),Charlotte,2013,2,10.0,5.4,0.7,1.2,0.2,0.0,0.0,0.0,42.9,,100.0,42.9,6.9,0.1
Dan Ivankovich,,,,,Northwestern,1984,2,16.0,,0.4,,,0.3,,,,,,,,
Uros Ivanovic,Forward,80.0,203,,Stephen F. Austin,1995,1,12.0,,2.8,1.0,0.6,0.2,0.1,,52.4,50.0,100.0,61.9,,
Vuk Ivanovic,Center,73.0,208,,BYU,2008,2,39.0,,2.6,2.3,0.4,0.1,0.3,1.0,46.4,,61.5,46.4,,1.0
Chip Ivany,Guard,72.0,155,,South Alabama and UTSA,2010,2,22.0,2.0,0.3,0.4,0.1,0.1,0.1,0.6,25.0,0.0,0.0,25.0,,-0.2
Dusko Ivaz,Forward,73.0,208,,Samford,1997,2,55.0,,6.4,4.4,0.7,0.2,0.3,,38.6,37.3,73.8,48.0,,2.1
Jeramy Ivener,,,,,Arizona State,2000,2,,,,,,,,,,,,,,
Bernie Ivens,Forward,74.0,188,,Temple,1960,2,43.0,,8.8,5.3,,,,,39.6,,75.0,,,
Chris Iversen,Forward,77.0,196,,Cornell,1973,1,14.0,,1.7,0.6,,,,,34.8,,61.5,,,
Ryan Iversen,Guard,75.0,190,,Delaware,2003,3,88.0,,9.5,5.8,2.6,1.7,0.1,,40.0,34.0,78.4,48.5,,8.1
Allen Iverson,,,,,Georgetown,1996,2,67.0,32.5,23.0,3.6,4.6,3.2,0.3,4.1,44.0,31.4,68.3,49.2,,
Bob Iverson,Forward,78.0,198,,North Texas,1974,1,26.0,,21.1,10.1,2.6,,,,49.3,,71.8,,,
Bruce Iverson,Guard,72.0,183,,Stanford,1952,3,68.0,,2.6,,,,,,32.0,,61.8,,,
Casey Iverson,Guard,74.0,188,,Utah,2006,2,36.0,,1.6,0.4,0.6,0.2,0.0,,43.1,40.0,40.0,52.9,,0.4
Colton Iverson,Forward,73.0,261,Yankton,Minnesota and Colorado State,2013,4,133.0,29.5,7.6,5.7,0.9,0.6,0.7,2.0,54.6,,56.4,54.6,,10.7
Dean Iverson,,,,,Washington,1967,1,1.0,,,1.0,,,,,,,,,,
Jim Iverson,,,,,Kansas State,1952,3,75.0,,8.0,,,,,,,,76.5,,,
Kevin Iverson,Forward,77.0,196,,Denver,1974,1,13.0,,2.1,1.6,,,,,50.0,,75.0,,,
Khalil Iverson,Guard-Forward,77.0,200,Rutherford B Hayes HS,Wisconsin,2017,2,69.0,14.1,3.2,2.6,0.6,0.4,0.6,0.9,50.6,24.0,54.8,52.4,13.5,2.5
Kuran Iverson,Forward,73.0,209,Fishburne Military School (VA),Memphis and Rhode Island,2017,4,90.0,26.5,7.7,5.6,1.4,0.7,1.3,2.0,47.2,31.4,54.7,51.0,17.4,6.0
Marcus Iverson,Forward,75.0,190,,Nevada,1994,1,28.0,,3.0,2.0,0.9,0.9,0.1,,59.2,50.0,65.0,60.2,,
Milt Iverson,Forward,72.0,183,,Stanford,1949,2,,,,,,,,,,,,,,
_ Iverson,,,,,Davidson,1948,1,,,,,,,,,,,,,,
Darryl Ivery,Forward,78.0,198,,Chattanooga,1987,3,74.0,,8.2,6.4,1.4,0.7,0.3,,52.3,,72.7,,,
Kavante Ivery,Guard,75.0,190,,Charleston Southern,1994,1,11.0,,2.0,0.7,0.3,0.6,0.0,,36.8,18.2,75.0,42.1,,
Thai Ivery,Guard,74.0,188,,Nevada,1986,1,2.0,,1.0,0.5,0.5,,,,,,100.0,,,
Willie Ivery,Guard,76.0,193,,Jacksonville,1992,4,69.0,,2.4,1.2,1.2,0.5,0.2,,31.4,26.9,51.7,35.1,,
Kealen Ives,Guard,69.0,165,,Rider,2016,1,32.0,18.2,4.8,1.8,1.9,0.7,0.0,1.3,32.0,34.8,77.8,39.8,9.1,0.7
Bobby Iveson,Forward,78.0,198,,North Texas,1973,1,25.0,,15.3,5.7,1.2,,,,51.4,,72.8,,,
Mike Ivester,Center,81.0,206,,Saint Louis,1990,2,62.0,,2.4,1.9,0.2,0.1,0.2,,51.8,,66.7,51.8,,
Bill Ivey,,,,,Utah,1965,1,18.0,,4.7,3.3,,,,,38.4,,45.0,,,
Bryant Ivey,Forward,73.0,185,,Alabama,1952,3,65.0,,9.7,,,,,,35.2,,53.2,,,
Chuckie Ivey,Guard,74.0,188,,Coppin State,2006,1,14.0,,1.4,0.6,0.5,0.6,0.0,,14.7,9.1,77.8,17.6,,-0.4
Cleveland Ivey,Forward,76.0,193,,Northern Illinois,1972,3,72.0,,12.9,6.1,,,,,44.5,,70.7,,,
Danny Ivey,Forward,,,,Texas Tech,1977,2,16.0,,2.7,2.6,,,,,,,75.0,,,
Isaiah Ivey,Guard,74.0,190,Scott County HS,Gardner-Webb,2016,4,121.0,15.6,4.7,2.0,0.7,0.4,0.2,0.5,37.7,35.1,80.3,46.4,12.5,4.4
Jason Ivey,Forward,79.0,201,,Temple,1996,4,126.0,,5.0,4.5,0.5,0.6,0.5,,42.5,39.2,50.6,44.2,,
Jeb Ivey,Guard,74.0,188,,Portland State,2003,2,55.0,,13.7,3.1,2.9,0.9,0.0,,39.7,39.0,93.7,50.6,,3.2
Jimond Ivey,Guard,76.0,185,Glenville High School,Akron,2017,2,68.0,19.5,6.6,3.8,1.4,0.7,0.2,1.0,49.4,31.5,72.1,55.5,17.3,4.8
Marty Ivey,,,,,Rice,1967,1,24.0,,8.0,3.7,,,,,43.9,,77.5,,,
Robert Ivey,Guard,75.0,190,,South Carolina State,1972,1,16.0,,4.6,,,,,,40.3,,64.7,,,
Royal Ivey,Guard,75.0,200,,Texas,2004,4,133.0,24.7,7.8,3.1,2.3,0.9,0.2,,45.5,33.8,70.9,48.8,,10.0
Tom Ivey,Center,80.0,203,,Boston University,1986,4,119.0,22.1,6.8,5.8,0.7,0.3,0.5,1.3,46.9,,65.1,,,
_ Ivey,,,,,Rice,1966,1,,,,,,,,,,,,,,
_ Ivey,Forward,76.0,193,,Rice,1965,1,24.0,,8.3,4.5,,,,,33.3,,70.2,,,
Kyle Ivey-Jones,Forward,79.0,201,,Rhode Island,1994,3,70.0,,7.6,2.9,0.6,0.6,0.2,,52.3,21.7,74.9,53.0,,
J.T. Ivie,Center,73.0,208,,Tulsa,2001,1,2.0,,1.0,0.5,0.0,0.0,0.0,,50.0,,,50.0,,0.0
Paolo Ivis,Forward,79.0,235,,Loyola (MD),2011,2,32.0,2.9,0.3,0.4,0.0,0.0,0.2,0.0,26.7,,60.0,26.7,6.0,0.1
Ron Ivkovich,,,,,Cornell,1961,2,47.0,35.7,6.8,2.8,3.0,,,,37.2,,70.5,,,
Walter Ivkovich,Center,78.0,198,,Virginia Military Institute,1970,3,,,,,,,,,,,,,,
Anthony Ivory,Center,73.0,208,,Temple,2007,2,18.0,,1.3,0.8,0.0,0.2,0.2,,47.4,,85.7,47.4,,0.3
George Ivory,Guard,72.0,183,,Mississippi Valley State,1985,2,115.0,5.7,14.6,2.3,,0.5,,1.1,44.3,,74.1,,,
Jacob Ivory,Guard,69.0,165,Murrah,Middle Tennessee,2016,2,38.0,13.8,3.6,1.2,1.4,0.4,0.0,1.2,35.8,11.8,83.3,36.8,9.3,0.9
Joe Ivory,Center,79.0,201,,Louisiana Tech,1980,2,52.0,,16.1,6.5,,2.0,1.1,,51.2,,68.6,,,
Josh Ivory,Guard,74.0,200,Peabody Magnet,Cleveland State and Towson,2016,3,85.0,9.3,1.2,0.7,0.7,0.2,0.0,0.6,27.2,30.3,37.5,39.2,2.8,-0.1
Kirkland Ivory,Center,78.0,198,,Idaho State,1990,1,26.0,,2.7,2.8,0.7,0.3,0.3,,58.5,,33.3,58.5,,
Preston Ivory,Guard,74.0,188,,UTSA,1991,3,86.0,,8.5,3.5,3.1,1.7,0.1,,49.9,29.6,73.1,51.4,,
Terrell Ivory,Guard,73.0,185,,Davidson,2004,4,66.0,,2.6,1.2,1.3,0.6,0.0,,44.9,25.0,68.4,47.2,,1.4
Titus Ivory,Guard,76.0,193,,Penn State,2000,4,129.0,,10.6,3.8,3.4,1.7,0.3,,41.2,35.9,83.6,51.4,,11.7
Tre' Ivory,Guard,61.0,175,Trinity,Austin Peay,2017,3,80.0,8.9,1.2,0.6,0.9,0.3,0.0,0.4,32.0,32.1,48.1,36.5,4.9,0.0
Troy Ivory,Guard,73.0,185,,Chicago State,1996,1,27.0,,12.2,2.9,2.3,1.5,0.0,,40.5,39.8,67.3,54.0,,1.1
Willie Ivory,Guard,76.0,193,,Austin Peay,1999,3,85.0,,3.7,2.1,1.0,0.7,0.3,,35.6,28.2,58.8,40.4,,1.1
Andre Ivy,Forward,77.0,196,,Oklahoma State,1986,1,28.0,,9.5,5.4,1.4,1.5,0.7,,54.7,,61.4,,,
Hercle Ivy,Guard,75.0,190,,Iowa State,1976,4,79.0,,22.2,,,,,,44.5,,75.8,,,
James Ivy,Guard,77.0,196,,Ole Miss,1980,2,25.0,,3.0,1.2,1.0,,,,34.8,,73.0,,,
Marques Ivy,Forward,78.0,198,,South Alabama,2003,2,50.0,,4.8,2.8,0.5,0.8,0.0,,39.8,18.5,72.6,40.9,,0.5
Moraye Ivy,Forward,77.0,196,,Tennessee State,2008,2,54.0,,5.2,2.7,1.1,0.9,0.2,0.4,33.3,27.3,67.8,39.6,,0.7
Robert Ivy,Guard,76.0,193,,UTSA,2004,2,39.0,,3.2,1.9,0.3,0.5,0.2,,37.2,20.9,60.0,40.9,,0.2
Sam Ivy,Forward,79.0,201,,Wake Forest,1990,4,111.0,,14.0,6.3,0.8,1.0,0.5,,54.5,,72.1,54.5,,
Ty Ivy,,,,,DePaul,1995,1,2.0,,0.0,0.0,0.0,0.0,0.0,,,,,,,
Ron Iwema,,,,,Butler,1965,2,41.0,,9.6,5.3,,,,,49.0,,76.3,,,
Wesley Iwundu,Forward,79.0,205,Westfield HS,Kansas State,2017,4,132.0,28.2,9.5,4.7,2.8,0.9,0.4,2.1,46.3,33.8,68.9,49.1,15.5,10.6
Otas Iyekekpolor,Forward,80.0,220,Lillian Osborne,Central Arkansas,2016,2,24.0,6.2,0.8,0.7,0.1,0.0,0.3,0.5,31.3,40.0,58.3,37.5,,-0.2
Otas Iyekekpolor,Forward,80.0,220,Lillian Osborne HIgh School,Central Arkansas,2017,1,24.0,6.8,1.3,1.2,0.1,0.1,0.1,0.1,40.0,,61.1,40.0,6.6,0.1
Glen Izevbigie,Center,73.0,208,,Savannah State,2010,2,53.0,9.3,1.3,1.2,0.1,0.1,0.2,0.7,40.3,,41.2,40.3,,0.1
Osa Izevbuwa,Guard,75.0,230,McKee,NJIT,2017,3,90.0,12.8,3.6,1.4,0.5,0.4,0.0,0.7,37.3,32.7,65.4,45.9,8.5,1.2
Cedric Izilein,Center,73.0,208,,UMBC,1990,3,55.0,,1.3,1.6,0.2,0.1,0.7,,28.8,,41.4,,,
Derric Izilein,,,,,Florida A&M,1988,1,6.0,,1.3,0.5,0.2,0.5,,,50.0,,33.3,,,
Derrick Izilein,Forward,,,,U.S. International,1991,1,16.0,,0.8,1.9,0.0,0.0,0.1,,36.4,,33.3,36.4,,
Chuck Izor,Forward,74.0,188,,Dayton,1964,3,63.0,,6.0,2.9,,,,,45.1,,81.1,,,
Ebuka Izundu,Center,73.0,205,Victory Christian Center School (NC),Miami (FL),2017,2,46.0,10.8,3.7,2.5,0.2,0.2,0.6,0.7,55.7,,67.2,55.7,18.0,1.8
Valentine Izundu,Center,73.0,215,Lamar Consolidated,"Houston, Washington State and San Diego State",2017,4,77.0,16.9,2.6,2.4,0.2,0.2,1.8,0.5,64.6,,40.5,64.6,14.6,2.8
Kenny Izzo,Forward,81.0,206,,Georgetown,2007,4,27.0,,0.1,0.1,0.1,0.0,0.0,,14.3,0.0,50.0,14.3,,-0.1
Mario Izzo,Center,73.0,211,,Michigan State,1988,3,48.0,,0.6,0.9,,0.0,0.1,,45.5,,,,,
J Izzolo,,,,,Hofstra,1987,1,,,,,,,,,,,,,,
