Player,Team,2017-18,2018-19,2019-20,2020-21,2021-22,2022-23,Signed Using,Guaranteed
LeBron James,CLE,33285709.0,35607968.0,0.0,0.0,0.0,0.0,Early Bird,33285709.0
Kevin Love,CLE,22642350.0,24119025.0,25595700.0,0.0,0.0,0.0,Bird Rights,46761375.0
Tristan Thompson,CLE,16400000.0,17469565.0,18539130.0,0.0,0.0,0.0,Bird Rights,52408695.0
J.R. Smith,CLE,13760000.0,14720000.0,15680000.0,0.0,0.0,0.0,Bird Rights,32350000.0
Iman Shumpert,CLE,10337079.0,11011234.0,0.0,0.0,0.0,0.0,Bird Rights,10337079.0
Channing Frye,CLE,7420912.0,0.0,0.0,0.0,0.0,0.0,Cap Space,7420912.0
Kyle Korver,CLE,7000000.0,7560000.0,7500000.0,0.0,0.0,0.0,Bird Rights,18000000.0
Jae Crowder,CLE,6796117.0,7305825.0,7815533.0,0.0,0.0,0.0,Bird Rights,21917475.0
Isaiah Thomas,CLE,6261395.0,0.0,0.0,0.0,0.0,0.0,0,6261395.0
Cedi Osman,CLE,2642857.0,2775000.0,2907143.0,0.0,0.0,0.0,MLE,8325000.0
Richard Jefferson,CLE,2500000.0,2612500.0,0.0,0.0,0.0,0.0,Cap Space,2500000.0
Jose Calderon,CLE,2328652.0,0.0,0.0,0.0,0.0,0.0,Minimum Salary,2328652.0
Jeff Green,CLE,2116955.0,0.0,0.0,0.0,0.0,0.0,Minimum Salary,2116955.0
Derrick Rose,CLE,2116955.0,0.0,0.0,0.0,0.0,0.0,Minimum Salary,2116955.0
Ante Zizic,CLE,1645200.0,1952760.0,2281800.0,3872215.0,0.0,0.0,1st Round Pick,3597960.0
Edy Tavares,CLE,1471382.0,1600520.0,0.0,0.0,0.0,0.0,Minimum Salary,0.0
Kay Felder,CLE,1312611.0,1544951.0,0.0,0.0,0.0,0.0,Minimum Salary,456529.0
Stephen Curry,GSW,34682550.0,37457154.0,40231758.0,43006362.0,45780966.0,0.0,Bird Rights,201158790.0
Kevin Durant,GSW,25000000.0,26250000.0,0.0,0.0,0.0,0.0,Non-Bird Rights,25000000.0
Klay Thompson,GSW,17826150.0,18988725.0,0.0,0.0,0.0,0.0,1st Round Pick,36814875.0
Draymond Green,GSW,16400000.0,17469565.0,18539130.0,0.0,0.0,0.0,Bird Rights,52408695.0
Andre Iguodala,GSW,14814815.0,16000000.0,17185185.0,0.0,0.0,0.0,Bird Rights,48000000.0
Shaun Livingston,GSW,7692308.0,8307692.0,7692308.0,0.0,0.0,0.0,Bird Rights,18000000.0
Nick Young,GSW,5192000.0,0.0,0.0,0.0,0.0,0.0,MLE,5192000.0
Zaza Pachulia,GSW,3477600.0,0.0,0.0,0.0,0.0,0.0,0,3477600.0
David West,GSW,2328652.0,0.0,0.0,0.0,0.0,0.0,Minimum Salary,2328652.0
JaVale McGee,GSW,2116955.0,0.0,0.0,0.0,0.0,0.0,0,2116955.0
Omri Casspi,GSW,2106470.0,0.0,0.0,0.0,0.0,0.0,Minimum Salary,2106470.0
Kevon Looney,GSW,1471382.0,2227081.0,0.0,0.0,0.0,0.0,1st Round pick,1471382.0
Damian Jones,GSW,1312611.0,1544951.0,2305057.0,0.0,0.0,0.0,1st Round pick,1312611.0
Patrick McCaw,GSW,1312611.0,0.0,0.0,0.0,0.0,0.0,Minimum Salary,1312611.0
Georges Niang,GSW,1312611.0,0.0,0.0,0.0,0.0,0.0,Minimum Salary,0.0
Antonius Cleveland,GSW,815615.0,0.0,0.0,0.0,0.0,0.0,Minimum Salary,0.0
Jordan Bell,GSW,815615.0,1378252.0,0.0,0.0,0.0,0.0,Minimum Salary,2193867.0
Jason Thompson,GSW,945126.0,945126.0,0.0,0.0,0.0,0.0,0,1890252.0
Russell Westbrook,OKC,28530608.0,30670404.0,0.0,0.0,0.0,0.0,Bird Rights,28530608.0
Steven Adams,OKC,22471910.0,24157303.0,25842697.0,27528090.0,0.0,0.0,1st Round Pick,100000000.0
Paul George,OKC,19508958.0,20703384.0,0.0,0.0,0.0,0.0,1st Round Pick,19508958.0
Enes Kanter,OKC,17884176.0,18622514.0,0.0,0.0,0.0,0.0,Bird Rights,17884176.0
Andre Roberson,OKC,9259259.0,10000000.0,10740741.0,0.0,0.0,0.0,Bird Rights,30000000.0
Alex Abrines,OKC,5725000.0,5455236.0,0.0,0.0,0.0,0.0,Cap Space,11180236.0
Patrick Patterson,OKC,5192000.0,5451600.0,5711200.0,0.0,0.0,0.0,MLE,10643600.0
Kyle Singler,OKC,4666500.0,4996000.0,5333500.0,0.0,0.0,0.0,Bird Rights,9662500.0
Doug McDermott,OKC,3294994.0,0.0,0.0,0.0,0.0,0.0,1st Round Pick,3294994.0
Raymond Felton,OKC,2328652.0,0.0,0.0,0.0,0.0,0.0,Minimum Salary,2328652.0
Nick Collison,OKC,2328652.0,0.0,0.0,0.0,0.0,0.0,Minimum Salary,2328652.0
Terrance Ferguson,OKC,1785000.0,2118840.0,2475840.0,3944013.0,0.0,0.0,1st Round Pick,3903840.0
Jerami Grant,OKC,1524305.0,0.0,0.0,0.0,0.0,0.0,Draft Pick,1524305.0
Josh Huestis,OKC,1471382.0,2243326.0,0.0,0.0,0.0,0.0,0,1471382.0
Semaj Christon,OKC,1312611.0,1544951.0,0.0,0.0,0.0,0.0,Minimum Salary,0.0
Dakari Johnson,OKC,815615.0,1378242.0,0.0,0.0,0.0,0.0,0,2193857.0
Ronnie Price,OKC,2442455.0,0.0,0.0,0.0,0.0,0.0,0,2442455.0
Hassan Whiteside,MIA,23775506.0,25434263.0,27093018.0,0.0,0.0,0.0,Cap Space,49209769.0
Goran Dragic,MIA,17000450.0,18109175.0,19217900.0,0.0,0.0,0.0,Bird Rights,35109625.0
James Johnson,MIA,13954000.0,14651700.0,15349400.0,0.0,0.0,0.0,Cap space,43955100.0
Dion Waiters,MIA,11000000.0,11550000.0,12100000.0,12650000.0,0.0,0.0,Cap space,47300000.0
Kelly Olynyk,MIA,10607169.0,11137527.0,11667885.0,12198243.0,0.0,0.0,Cap space,33412581.0
Wayne Ellington,MIA,6270000.0,0.0,0.0,0.0,0.0,0.0,Cap Space,6270000.0
Tyler Johnson,MIA,5881260.0,19245370.0,19245370.0,0.0,0.0,0.0,Cap Space,25126630.0
Justise Winslow,MIA,2705040.0,3448926.0,0.0,0.0,0.0,0.0,1st round pick,2705040.0
Bam Adebayo,MIA,2490360.0,2955840.0,3454080.0,5115492.0,0.0,0.0,1st Round Pick,5446200.0
Udonis Haslem,MIA,2328652.0,0.0,0.0,0.0,0.0,0.0,Minimum Salary,2328652.0
Jordan Mickey,MIA,1471382.0,1600520.0,0.0,0.0,0.0,0.0,Minimum Salary,1471382.0
Josh Richardson,MIA,1471382.0,0.0,0.0,0.0,0.0,0.0,Minimum Salary,1471382.0
Okaro White,MIA,1312611.0,0.0,0.0,0.0,0.0,0.0,Minimum Salary,452624.0
A.J. Hammons,MIA,1312611.0,1544951.0,0.0,0.0,0.0,0.0,Cap Space,2857562.0
Rodney McGruder,MIA,1312611.0,1544951.0,0.0,0.0,0.0,0.0,Minimum Salary,452625.0
Matt Williams,MIA,815615.0,0.0,0.0,0.0,0.0,0.0,Minimum Salary,0.0
Chris Bosh,MIA,25289390.0,26837720.0,0.0,0.0,0.0,0.0,0,52127110.0
Otto Porter,WAS,24773250.0,26011913.0,27250576.0,28489239.0,0.0,0.0,Bird Rights,78035739.0
Bradley Beal,WAS,23775506.0,25434263.0,27093019.0,28751775.0,0.0,0.0,Cap Space,105054563.0
John Wall,WAS,18063850.0,19169800.0,37800000.0,40824000.0,43848000.0,46872000.0,Bird Rights,159705650.0
Ian Mahinmi,WAS,16661641.0,15944154.0,15450051.0,0.0,0.0,0.0,Cap Space,48055846.0
Marcin Gortat,WAS,12782609.0,13565218.0,0.0,0.0,0.0,0.0,Bird Rights,26347827.0
Markieff Morris,WAS,8000000.0,8600000.0,0.0,0.0,0.0,0.0,Bird Rights,16600000.0
Jason Smith,WAS,5225000.0,5450000.0,0.0,0.0,0.0,0.0,Cap Space,5225000.0
Jodie Meeks,WAS,3290000.0,3454500.0,0.0,0.0,0.0,0.0,Bi-annual Exception,3290000.0
Tomas Satoransky,WAS,3000000.0,3129187.0,0.0,0.0,0.0,0.0,Cap Space,6129187.0
Kelly Oubre,WAS,2093040.0,3208630.0,0.0,0.0,0.0,0.0,1st round pick,2093040.0
Tim Frazier,WAS,2000000.0,0.0,0.0,0.0,0.0,0.0,Room exception,2000000.0
Mike Scott,WAS,1709538.0,0.0,0.0,0.0,0.0,0.0,Minimum Salary,1709538.0
Chris McCullough,WAS,1471382.0,2243326.0,0.0,0.0,0.0,0.0,1st Round pick,1471382.0
Sheldon McClellan,WAS,1312611.0,0.0,0.0,0.0,0.0,0.0,Minimum Salary,50000.0
Daniel Ochefu,WAS,1312611.0,1544951.0,0.0,0.0,0.0,0.0,Cap Space,50000.0
Martell Webster,WAS,830000.0,830000.0,0.0,0.0,0.0,0.0,0,1660000.0
Blake Griffin,LAC,29512900.0,31873932.0,34234964.0,36595996.0,38957028.0,0.0,Bird Rights,132217792.0
DeAndre Jordan,LAC,22642350.0,24119025.0,0.0,0.0,0.0,0.0,Bird Rights,22642350.0
Danilo Gallinari,LAC,20559599.0,21587579.0,22615559.0,0.0,0.0,0.0,Sign and Trade,64762737.0
Austin Rivers,LAC,11825000.0,12650000.0,0.0,0.0,0.0,0.0,Cap Space,11825000.0
Lou Williams,LAC,7000000.0,0.0,0.0,0.0,0.0,0.0,Cap Space,7000000.0
Milos Teodosic,LAC,6000000.0,6300000.0,0.0,0.0,0.0,0.0,MLE,6000000.0
Wesley Johnson,LAC,5881260.0,6134000.0,0.0,0.0,0.0,0.0,Cap Space,5881260.0
Patrick Beverley,LAC,5513514.0,5027028.0,0.0,0.0,0.0,0.0,Bird Rights,5513514.0
Sam Dekker,LAC,1794600.0,2760095.0,0.0,0.0,0.0,0.0,1st Round pick,1794600.0
Willie Reed,LAC,1577230.0,0.0,0.0,0.0,0.0,0.0,Minimum Salary,1577230.0
DeAndre Liggins,LAC,1577230.0,0.0,0.0,0.0,0.0,0.0,Minimum Salary,26773.0
Montrezl Harrell,LAC,1471382.0,0.0,0.0,0.0,0.0,0.0,0,1471382.0
Brice Johnson,LAC,1331160.0,1544951.0,2500725.0,0.0,0.0,0.0,1st Round pick,1331160.0
Marshall Plumlee,LAC,1312611.0,0.0,0.0,0.0,0.0,0.0,Minimum Salary,0.0
Tyrone Wallace,LAC,815615.0,0.0,0.0,0.0,0.0,0.0,Minimum Salary,0.0
Sindarius Thornwell,LAC,815615.0,1378242.0,1618520.0,0.0,0.0,0.0,MLE,2193857.0
Jawun Evans,LAC,815615.0,1378242.0,1618520.0,0.0,0.0,0.0,MLE,2193857.0
Paul Pierce,LAC,1096080.0,0.0,0.0,0.0,0.0,0.0,0,1096080.0
Carlos Delfino,LAC,650000.0,650000.0,0.0,0.0,0.0,0.0,0,1300000.0
Jordan Farmar,LAC,510921.0,0.0,0.0,0.0,0.0,0.0,0,510921.0
Miroslav Raduljica,LAC,300000.0,300000.0,0.0,0.0,0.0,0.0,0,600000.0
Damian Lillard,POR,26153057.0,27977689.0,29802321.0,31626953.0,0.0,0.0,1st Round Pick,115560020.0
C.J. McCollum,POR,23962573.0,25759766.0,27556959.0,29354152.0,0.0,0.0,1st Round Pick,106633450.0
Evan Turner,POR,17131148.0,17868852.0,18606557.0,0.0,0.0,0.0,Cap Space,53606557.0
Maurice Harkless,POR,10162922.0,10837079.0,11511234.0,0.0,0.0,0.0,Cap Space,32511235.0
Meyers Leonard,POR,9904495.0,10595506.0,11286515.0,0.0,0.0,0.0,Cap Space,31786516.0
Al-Farouq Aminu,POR,7319035.0,6957105.0,0.0,0.0,0.0,0.0,Cap Space,14276140.0
Ed Davis,POR,6352531.0,0.0,0.0,0.0,0.0,0.0,Cap Space,6352531.0
Noah Vonleh,POR,3505233.0,0.0,0.0,0.0,0.0,0.0,1st Round Pick,3505233.0
Zach Collins,POR,3057240.0,3628920.0,4240200.0,5406255.0,0.0,0.0,1st Round Pick,6686160.0
Jusuf Nurkic,POR,2947305.0,0.0,0.0,0.0,0.0,0.0,1st Round Pick,2947305.0
Shabazz Napier,POR,2361360.0,0.0,0.0,0.0,0.0,0.0,1st Round Pick,2361360.0
Pat Connaughton,POR,1471382.0,0.0,0.0,0.0,0.0,0.0,Minimum Salary,1471382.0
Caleb Swanigan,POR,1465920.0,1740000.0,2033160.0,3665787.0,0.0,0.0,1st Round Pick,3205920.0
Jake Layman,POR,1312611.0,1544951.0,0.0,0.0,0.0,0.0,Cap Space,1312611.0
Andrew Nicholson,POR,2844429.0,2844429.0,2844429.0,2844429.0,2844429.0,2844429.0,0,19911003.0
Anderson Varejao,POR,1913345.0,1913345.0,1913345.0,1913345.0,0.0,0.0,0,7653380.0
Festus Ezeli,POR,333334.0,333333.0,333333.0,0.0,0.0,0.0,0,1000000.0
Giannis Antetokounmpo,MIL,22471910.0,24157303.0,25842697.0,27528090.0,0.0,0.0,1st Round Pick,100000000.0
Greg Monroe,MIL,17884176.0,0.0,0.0,0.0,0.0,0.0,Cap Space,17884176.0
Khris Middleton,MIL,14100000.0,13000000.0,13000000.0,0.0,0.0,0.0,Bird Rights,27100000.0
John Henson,MIL,11422536.0,10577466.0,9732396.0,0.0,0.0,0.0,1st Round Pick,31732398.0
Mirza Teletovic,MIL,10500000.0,10500000.0,0.0,0.0,0.0,0.0,Cap Space,21000000.0
Tony Snell,MIL,9821429.0,10607143.0,11392857.0,12178571.0,0.0,0.0,Cap space,31821429.0
Matthew Dellavedova,MIL,9607500.0,9607500.0,9607500.0,0.0,0.0,0.0,Cap Space,28822500.0
Jabari Parker,MIL,6782392.0,0.0,0.0,0.0,0.0,0.0,1st Round Pick,6782392.0
Thon Maker,MIL,2684160.0,2799720.0,3569643.0,0.0,0.0,0.0,1st Round pick,2684160.0
D.J. Wilson,MIL,2135040.0,2534280.0,2961120.0,4548280.0,0.0,0.0,1st Round Pick,4669320.0
Rashad Vaughn,MIL,1889040.0,2901565.0,0.0,0.0,0.0,0.0,1st round pick,1889040.0
Malcolm Brogdon,MIL,1312611.0,1544951.0,0.0,0.0,0.0,0.0,Cap Space,1312611.0
Gary Payton,MIL,1312611.0,0.0,0.0,0.0,0.0,0.0,Minimum Salary,0.0
JeQuan Lewis,MIL,815615.0,0.0,0.0,0.0,0.0,0.0,Minimum Salary,0.0
Sterling Brown,MIL,815615.0,1378242.0,1618520.0,0.0,0.0,0.0,MLE,2193857.0
Spencer Hawes,MIL,6021175.0,0.0,0.0,0.0,0.0,0.0,0,6021175.0
Larry Sanders,MIL,1865547.0,1865547.0,1865547.0,1865547.0,1865547.0,0.0,0,9327735.0
Kyle Lowry,TOR,28703704.0,31000000.0,33296296.0,0.0,0.0,0.0,Bird Rights,93000000.0
DeMar DeRozan,TOR,27739975.0,27739975.0,27739975.0,27739975.0,0.0,0.0,Cap Space,83219925.0
Serge Ibaka,TOR,20061729.0,21666667.0,23271604.0,0.0,0.0,0.0,Cap space,65000000.0
Jonas Valanciunas,TOR,15460675.0,16539326.0,17617977.0,0.0,0.0,0.0,1st Round Pick,32000001.0
C.J. Miles,TOR,7936509.0,8333333.0,8730158.0,0.0,0.0,0.0,MLE,16269842.0
Lucas Nogueira,TOR,2947305.0,0.0,0.0,0.0,0.0,0.0,1st Round Pick,2947305.0
Jakob Poeltl,TOR,2825640.0,2947320.0,3754886.0,0.0,0.0,0.0,1st Round pick,2825640.0
Bruno Caboclo,TOR,2451225.0,0.0,0.0,0.0,0.0,0.0,1st Round Pick,2451225.0
Delon Wright,TOR,1645200.0,2536898.0,0.0,0.0,0.0,0.0,1st Round pick,1645200.0
OG Anunoby,TOR,1645200.0,1952760.0,2281800.0,3872215.0,0.0,0.0,1st Round Pick,3597960.0
K.J. McDaniels,TOR,1524305.0,0.0,0.0,0.0,0.0,0.0,Minimum Salary,100000.0
Norman Powell,TOR,1471382.0,0.0,0.0,0.0,0.0,0.0,Cap Space,1471382.0
Fred VanVleet,TOR,1312611.0,0.0,0.0,0.0,0.0,0.0,Minimum Salary,0.0
Kyle Wiltjer,TOR,1312611.0,0.0,0.0,0.0,0.0,0.0,Minimum Salary,0.0
Pascal Siakam,TOR,1312611.0,1544951.0,2351839.0,0.0,0.0,0.0,1st Round pick,1312611.0
Alfonzo McKinnie,TOR,815615.0,1378242.0,0.0,0.0,0.0,0.0,Minimum Salary,100000.0
Kennedy Meeks,TOR,815615.0,0.0,0.0,0.0,0.0,0.0,0,0.0
Justin Hamilton,TOR,1000000.0,1000000.0,1000000.0,0.0,0.0,0.0,0,3000000.0
James Harden,HOU,28299399.0,30431854.0,37800000.0,40824000.0,43848000.0,46872000.0,Bird Rights,181203253.0
Chris Paul,HOU,24599495.0,0.0,0.0,0.0,0.0,0.0,Bird Rights,24599495.0
Ryan Anderson,HOU,19578455.0,20421546.0,21264635.0,0.0,0.0,0.0,Cap Space,61264636.0
Eric Gordon,HOU,12943020.0,13500375.0,14057730.0,0.0,0.0,0.0,Cap Space,40501125.0
P.J. Tucker,HOU,7590035.0,7969537.0,8349039.0,7969537.0,0.0,0.0,MLE,26477799.0
Trevor Ariza,HOU,7420912.0,0.0,0.0,0.0,0.0,0.0,Bird Rights,7420912.0
Nene Hilario,HOU,3477600.0,3651480.0,3825360.0,0.0,0.0,0.0,Non-Bird Rights,10954440.0
Tarik Black,HOU,3290000.0,0.0,0.0,0.0,0.0,0.0,Bi-annual Exception,3290000.0
Clint Capela,HOU,2334520.0,0.0,0.0,0.0,0.0,0.0,1st Round Pick,2334520.0
Luc Mbah a Moute,HOU,2116955.0,0.0,0.0,0.0,0.0,0.0,Minimum Salary,2116955.0
Troy Williams,HOU,1471382.0,1544951.0,1676735.0,0.0,0.0,0.0,Non-Bird Rights,1926316.0
Chinanu Onuaku,HOU,1312611.0,1544951.0,0.0,0.0,0.0,0.0,Minimum Salary,2857562.0
Shawn Long,HOU,1312611.0,1544951.0,0.0,0.0,0.0,0.0,Minimum Salary,0.0
Tim Quarterman,HOU,1312611.0,0.0,0.0,0.0,0.0,0.0,Minimum Salary,0.0
Isaiah Taylor,HOU,1312611.0,1544951.0,0.0,0.0,0.0,0.0,Minimum Salary,0.0
Zhou Qi,HOU,815615.0,1378242.0,1618520.0,1752950.0,0.0,0.0,MLE,815615.0
Cameron Oliver,HOU,815615.0,1378242.0,0.0,0.0,0.0,0.0,Minimum Salary,300000.0
Dwight Howard,CHO,23500000.0,23819725.0,0.0,0.0,0.0,0.0,Cap Space,47319725.0
Nicolas Batum,CHO,22434783.0,24000000.0,25565217.0,27130434.0,0.0,0.0,Cap Space,72000000.0
Marvin Williams,CHO,13168750.0,14087500.0,15006250.0,0.0,0.0,0.0,Cap Space,27256250.0
Michael Kidd-Gilchrist,CHO,13000000.0,13000000.0,13000000.0,0.0,0.0,0.0,1st Round Pick,26000000.0
Cody Zeller,CHO,12584270.0,13528090.0,14471910.0,15415730.0,0.0,0.0,1st Round Pick,56000000.0
Kemba Walker,CHO,12000000.0,12000000.0,0.0,0.0,0.0,0.0,1st Round Pick,24000000.0
Jeremy Lamb,CHO,7000000.0,7488372.0,0.0,0.0,0.0,0.0,Rookie scale extension,14488372.0
Malik Monk,CHO,2904480.0,3447480.0,4028400.0,5345687.0,0.0,0.0,1st Round Pick,6351960.0
Frank Kaminsky,CHO,2847600.0,3627842.0,0.0,0.0,0.0,0.0,1st round pick,2847600.0
Michael Carter-Williams,CHO,2700000.0,0.0,0.0,0.0,0.0,0.0,Bi-annual Exception,2700000.0
Johnny O'Bryant,CHO,1524305.0,0.0,0.0,0.0,0.0,0.0,Minimum Salary,1524305.0
Julyan Stone,CHO,1524305.0,1656092.0,0.0,0.0,0.0,0.0,Minimum Salary,1524305.0
Treveon Graham,CHO,1312611.0,0.0,0.0,0.0,0.0,0.0,Minimum Salary,0.0
T.J. Williams,CHO,815615.0,0.0,0.0,0.0,0.0,0.0,Minimum Salary,0.0
Isaiah Hicks,CHO,815615.0,0.0,0.0,0.0,0.0,0.0,Minimum Salary,0.0
Dwayne Bacon,CHO,815615.0,1378242.0,1618520.0,0.0,0.0,0.0,MLE,2193857.0
Andre Drummond,DET,23775506.0,25434263.0,27093019.0,28751775.0,0.0,0.0,Cap Space,76302788.0
Tobias Harris,DET,16000000.0,14800000.0,0.0,0.0,0.0,0.0,Bird Rights,30800000.0
Reggie Jackson,DET,16000000.0,17043478.0,18086956.0,0.0,0.0,0.0,Bird Rights,51130434.0
Jon Leuer,DET,10497319.0,10002681.0,9508043.0,0.0,0.0,0.0,Cap Space,30008043.0
Avery Bradley,DET,8808989.0,0.0,0.0,0.0,0.0,0.0,Bird Rights,8808989.0
Boban Marjanovic,DET,7000000.0,7000000.0,0.0,0.0,0.0,0.0,Cap Space,14000000.0
Langston Galloway,DET,6666667.0,7000000.0,7333333.0,0.0,0.0,0.0,MLE,21000000.0
Ish Smith,DET,6000000.0,6000000.0,0.0,0.0,0.0,0.0,Cap Space,12000000.0
Anthony Tolliver,DET,3290000.0,0.0,0.0,0.0,0.0,0.0,Bi-annual Exception,3290000.0
Stanley Johnson,DET,3097800.0,3940402.0,0.0,0.0,0.0,0.0,1st round pick,3097800.0
Luke Kennard,DET,2759280.0,3275280.0,3827160.0,5273826.0,0.0,0.0,1st Round Pick,6034560.0
Reggie Bullock,DET,2500000.0,2500000.0,0.0,0.0,0.0,0.0,Cap space,2500000.0
Henry Ellenson,DET,1780800.0,1857480.0,2856804.0,0.0,0.0,0.0,1st Round pick,1780800.0
Eric Moreland,DET,1739333.0,1826300.0,1913267.0,0.0,0.0,0.0,MLE,500000.0
Landry Nnoko,DET,815615.0,0.0,0.0,0.0,0.0,0.0,Minimum Salary,0.0
Josh Smith,DET,5400000.0,5400000.0,5400000.0,0.0,0.0,0.0,0,16200000.0
Michael Gbinije,DET,500000.0,0.0,0.0,0.0,0.0,0.0,0,500000.0
Aaron Gray,DET,452059.0,0.0,0.0,0.0,0.0,0.0,0,452059.0
LaMarcus Aldridge,SAS,21461010.0,22347015.0,0.0,0.0,0.0,0.0,Cap Space,21461010.0
Kawhi Leonard,SAS,18868625.0,20099189.0,21329752.0,0.0,0.0,0.0,Bird Rights,38967814.0
Pau Gasol,SAS,16000000.0,16000000.0,16000000.0,0.0,0.0,0.0,0,38700000.0
Tony Parker,SAS,15453126.0,0.0,0.0,0.0,0.0,0.0,Bird Rights,15453126.0
Patty Mills,SAS,10714286.0,11571429.0,12428571.0,13285714.0,0.0,0.0,Bird Rights,48000000.0
Danny Green,SAS,10000000.0,10000000.0,0.0,0.0,0.0,0.0,Bird Rights,10000000.0
Rudy Gay,SAS,8406000.0,8826300.0,0.0,0.0,0.0,0.0,MLE,8406000.0
Manu Ginobili,SAS,2500000.0,2500000.0,0.0,0.0,0.0,0.0,0,5000000.0
Kyle Anderson,SAS,2151704.0,0.0,0.0,0.0,0.0,0.0,1st Round Pick,2151704.0
Joffrey Lauvergne,SAS,1524305.0,1656092.0,0.0,0.0,0.0,0.0,0,1524305.0
Derrick White,SAS,1404600.0,1667160.0,1948080.0,3516284.0,0.0,0.0,1st Round Pick,3071760.0
Dejounte Murray,SAS,1312611.0,1544951.0,2321735.0,0.0,0.0,0.0,1st Round pick,1312611.0
Bryn Forbes,SAS,1312611.0,0.0,0.0,0.0,0.0,0.0,Minimum Salary,0.0
Davis Bertans,SAS,1312611.0,0.0,0.0,0.0,0.0,0.0,Minimum Salary,1312611.0
London Perrantes,SAS,815615.0,0.0,0.0,0.0,0.0,0.0,Minimum Salary,0.0
Brandon Paul,SAS,815615.0,1378242.0,0.0,0.0,0.0,0.0,Minimum Salary,815615.0
Tim Duncan,SAS,1881250.0,1881250.0,0.0,0.0,0.0,0.0,0,3762500.0
Livio Jean-Charles,SAS,1035200.0,0.0,0.0,0.0,0.0,0.0,0,1035200.0
Jrue Holiday,NOP,25686667.0,26131111.0,26131111.0,26131111.0,27020000.0,0.0,Bird Rights,104080000.0
Anthony Davis,NOP,23775506.0,25434263.0,27093019.0,28751775.0,0.0,0.0,1st Round Pick,76302788.0
DeMarcus Cousins,NOP,18063850.0,0.0,0.0,0.0,0.0,0.0,1st Round Pick,18063850.0
Solomon Hill,NOP,12236535.0,12752928.0,13258781.0,0.0,0.0,0.0,Cap Space,38248244.0
Omer Asik,NOP,10595505.0,11286516.0,11977527.0,0.0,0.0,0.0,Bird Rights,24882021.0
E'Twaun Moore,NOP,8445024.0,8808685.0,8664928.0,0.0,0.0,0.0,Cap Space,25918637.0
Alexis Ajinca,NOP,4961798.0,5285394.0,0.0,0.0,0.0,0.0,Early Bird Rights,10247192.0
Rajon Rondo,NOP,3300000.0,0.0,0.0,0.0,0.0,0.0,MLE,3300000.0
Darius Miller,NOP,2100000.0,2205000.0,0.0,0.0,0.0,0.0,MLE,2100000.0
Jordan Crawford,NOP,1709538.0,0.0,0.0,0.0,0.0,0.0,Minimum Salary,250000.0
Ian Clark,NOP,1577230.0,0.0,0.0,0.0,0.0,0.0,Minimum Salary,1577230.0
Cheick Diallo,NOP,1312611.0,1544951.0,0.0,0.0,0.0,0.0,Minimum Salary,1812611.0
Frank Jackson,NOP,815615.0,1378242.0,1618520.0,0.0,0.0,0.0,MLE,2699857.0
Quinn Cook,NOP,25000.0,0.0,0.0,0.0,0.0,0.0,0,25000.0
Axel Toupane,NOP,25000.0,0.0,0.0,0.0,0.0,0.0,0,25000.0
Jimmy Butler,MIN,19301070.0,20445779.0,19841627.0,0.0,0.0,0.0,Bird Rights,39746849.0
Jeff Teague,MIN,19000000.0,19000000.0,19000000.0,0.0,0.0,0.0,Cap space,38000000.0
Gorgui Dieng,MIN,14112360.0,15170787.0,16229213.0,17287640.0,0.0,0.0,1st Round Pick,62800000.0
Taj Gibson,MIN,14000000.0,14000000.0,0.0,0.0,0.0,0.0,Cap space,28000000.0
Andrew Wiggins,MIN,7574322.0,0.0,0.0,0.0,0.0,0.0,1st Round Pick,7574322.0
Cole Aldrich,MIN,7300000.0,6956021.0,0.0,0.0,0.0,0.0,Cap Space,9356021.0
Karl-Anthony Towns,MIN,6216840.0,7839435.0,0.0,0.0,0.0,0.0,1st round pick,6216840.0
Jamal Crawford,MIN,4328000.0,4544400.0,0.0,0.0,0.0,0.0,Room Exception,4328000.0
Nemanja Bjelica,MIN,3949999.0,0.0,0.0,0.0,0.0,0.0,MLE,3949999.0
Justin Patton,MIN,2247480.0,2667600.0,3117240.0,4781846.0,0.0,0.0,1st Round Pick,4915080.0
Tyus Jones,MIN,1471382.0,2444053.0,0.0,0.0,0.0,0.0,1st Round pick,1471382.0
Marcus Georges-Hunt,MIN,1312611.0,0.0,0.0,0.0,0.0,0.0,Minimum Salary,0.0
Nikola Pekovic,MIN,11600000.0,0.0,0.0,0.0,0.0,0.0,0,11600000.0
Kevin Martin,MIN,1360305.0,1360305.0,0.0,0.0,0.0,0.0,0,2720610.0
Gordon Hayward,BOS,29727900.0,31214295.0,32700690.0,34187085.0,0.0,0.0,Cap space,93642885.0
Al Horford,BOS,27734405.0,28928710.0,30123015.0,0.0,0.0,0.0,Cap Space,56663115.0
Kyrie Irving,BOS,18868625.0,20099188.0,21329750.0,0.0,0.0,0.0,Bird Rights,38967813.0
Jayson Tatum,BOS,5645400.0,6700800.0,7830000.0,9897120.0,0.0,0.0,1st Round Pick,12346200.0
Marcus Morris,BOS,5000000.0,5375000.0,0.0,0.0,0.0,0.0,Bird Rights,10375000.0
Jaylen Brown,BOS,4956480.0,5169960.0,6534829.0,0.0,0.0,0.0,1st Rd pick,4956480.0
Marcus Smart,BOS,4538020.0,0.0,0.0,0.0,0.0,0.0,1st Round Pick,4538020.0
Aron Baynes,BOS,4328000.0,0.0,0.0,0.0,0.0,0.0,Room Exception,4328000.0
Guerschon Yabusele,BOS,2247480.0,2667600.0,3117240.0,4781846.0,0.0,0.0,1st Round Pick,4915080.0
Terry Rozier,BOS,1988520.0,3050390.0,0.0,0.0,0.0,0.0,1st round pick,1988520.0
Shane Larkin,BOS,1524305.0,0.0,0.0,0.0,0.0,0.0,Minimum Salary,1524305.0
Semi Ojeleye,BOS,1291892.0,1378242.0,1618520.0,1752950.0,0.0,0.0,0,2193857.0
Abdel Nader,BOS,1167333.0,1378242.0,1618520.0,1752950.0,0.0,0.0,0,1617333.0
Daniel Theis,BOS,815615.0,1378242.0,0.0,0.0,0.0,0.0,Minimum Salary,815615.0
L.J. Peak,BOS,815615.0,0.0,0.0,0.0,0.0,0.0,Minimum Salary,0.0
Andrew White,BOS,815615.0,0.0,0.0,0.0,0.0,0.0,Minimum Salary,0.0
Demetrius Jackson,BOS,92858.0,92857.0,92857.0,92857.0,92857.0,92857.0,0,650000.0
Rudy Gobert,UTA,21974719.0,23491573.0,25008427.0,26525281.0,0.0,0.0,1st Round Pick,97000000.0
Ricky Rubio,UTA,14275000.0,14975000.0,0.0,0.0,0.0,0.0,1st Round Pick,29250000.0
Joe Ingles,UTA,14136364.0,13045455.0,11954546.0,10863637.0,0.0,0.0,Bird Rights,50000002.0
Derrick Favors,UTA,12000000.0,0.0,0.0,0.0,0.0,0.0,1st Round Pick,12000000.0
Alec Burks,UTA,10845506.0,11536515.0,0.0,0.0,0.0,0.0,1st Round Pick,22382021.0
Joe Johnson,UTA,10505000.0,0.0,0.0,0.0,0.0,0.0,Cap Space,10505000.0
Thabo Sefolosha,UTA,5250000.0,5250000.0,0.0,0.0,0.0,0.0,Cap space,5250000.0
Dante Exum,UTA,4992385.0,0.0,0.0,0.0,0.0,0.0,1st Round Pick,4992385.0
Jonas Jerebko,UTA,4000000.0,4200000.0,0.0,0.0,0.0,0.0,Cap space,4000000.0
Ekpe Udoh,UTA,3200000.0,3360000.0,0.0,0.0,0.0,0.0,Room Exception,3200000.0
Donovan Mitchell,UTA,2621280.0,3111480.0,3635760.0,5195501.0,0.0,0.0,1st Round Pick,5732760.0
Rodney Hood,UTA,2386864.0,0.0,0.0,0.0,0.0,0.0,1st Round Pick,2386864.0
Raul Neto,UTA,1471382.0,0.0,0.0,0.0,0.0,0.0,0,0.0
Tony Bradley,UTA,1414920.0,1679520.0,1962360.0,3542060.0,0.0,0.0,1st Round Pick,3094440.0
Joel Bolomboy,UTA,1312611.0,1544951.0,0.0,0.0,0.0,0.0,Cap Space,1312611.0
Royce O'Neale,UTA,815615.0,1378242.0,1618520.0,0.0,0.0,0.0,Cap space,815615.0
Carmelo Anthony,NYK,26243760.0,27928140.0,0.0,0.0,0.0,0.0,Bird Rights,26243760.0
Joakim Noah,NYK,17765000.0,18530000.0,19295000.0,0.0,0.0,0.0,Cap Space,55590000.0
Tim Hardaway,NYK,16500000.0,17325000.0,18150000.0,18975000.0,0.0,0.0,Cap space,51975000.0
Courtney Lee,NYK,11747890.0,12253780.0,12759670.0,0.0,0.0,0.0,Cap Space,36761340.0
Lance Thomas,NYK,6655325.0,7119650.0,7583975.0,0.0,0.0,0.0,Cap Space,13774975.0
Kristaps Porzingis,NYK,4503600.0,5697054.0,0.0,0.0,0.0,0.0,1st round pick,10200654.0
Ron Baker,NYK,4328000.0,4544400.0,0.0,0.0,0.0,0.0,Room Exception,4328000.0
Kyle O'Quinn,NYK,4087500.0,4256250.0,0.0,0.0,0.0,0.0,Bird Rights,4087500.0
Frank Ntilikina,NYK,3501120.0,4155720.0,4855800.0,6176578.0,0.0,0.0,1st Round Pick,7656840.0
Mindaugas Kuzminskas,NYK,3025035.0,0.0,0.0,0.0,0.0,0.0,Room Exception,3025035.0
Ramon Sessions,NYK,2328652.0,0.0,0.0,0.0,0.0,0.0,Minimum Salary,2328652.0
Michael Beasley,NYK,2116955.0,0.0,0.0,0.0,0.0,0.0,Minimum Salary,2116955.0
Willy Hernangomez,NYK,1435750.0,1544951.0,1701735.0,0.0,0.0,0.0,Cap Space,2980701.0
Chasson Randle,NYK,1312611.0,0.0,0.0,0.0,0.0,0.0,Minimum Salary,0.0
Damyean Dotson,NYK,1100000.0,1378242.0,1618520.0,0.0,0.0,0.0,Minimum Salary,2478242.0
Xavier Rathan-Mayes,NYK,815615.0,0.0,0.0,0.0,0.0,0.0,Minimum Salary,0.0
Nigel Hayes,NYK,815615.0,0.0,0.0,0.0,0.0,0.0,Minimum Salary,50000.0
Jamel Artis,NYK,815615.0,0.0,0.0,0.0,0.0,0.0,Minimum Salary,0.0
Marshall Plumlee,NYK,100000.0,0.0,0.0,0.0,0.0,0.0,0,100000.0
Mike Conley,MEM,28530608.0,30521115.0,32511623.0,34504132.0,0.0,0.0,Cap Space,113989729.0
Chandler Parsons,MEM,23112004.0,24107258.0,25102511.0,0.0,0.0,0.0,Cap Space,72321773.0
Marc Gasol,MEM,22642350.0,24119025.0,25595700.0,0.0,0.0,0.0,Bird Rights,46761375.0
Brandan Wright,MEM,5955760.0,0.0,0.0,0.0,0.0,0.0,MLE,5955760.0
Ben McLemore,MEM,5200000.0,5460000.0,0.0,0.0,0.0,0.0,MLE,10660000.0
Troy Daniels,MEM,3408520.0,3258540.0,0.0,0.0,0.0,0.0,Cap Space,6667060.0
Tyreke Evans,MEM,3290000.0,0.0,0.0,0.0,0.0,0.0,Bi-annual Exception,3290000.0
James Ennis,MEM,3028410.0,0.0,0.0,0.0,0.0,0.0,Room exception,3028410.0
Mario Chalmers,MEM,2106407.0,0.0,0.0,0.0,0.0,0.0,Minimum Salary,25000.0
Wade Baldwin,MEM,1874400.0,1955160.0,3003126.0,0.0,0.0,0.0,1st Round pick,1874400.0
Jarell Martin,MEM,1471382.0,2416222.0,0.0,0.0,0.0,0.0,1st Round pick,1471382.0
Andrew Harrison,MEM,1312611.0,1544951.0,0.0,0.0,0.0,0.0,Cap Space,1312611.0
Deyonta Davis,MEM,1312611.0,1544951.0,0.0,0.0,0.0,0.0,Cap Space,2857562.0
Wayne Selden,MEM,1312611.0,1544951.0,0.0,0.0,0.0,0.0,0,2085087.0
Rade Zagorac,MEM,950000.0,1378242.0,1618520.0,0.0,0.0,0.0,MLE,2328242.0
Jeremy Morgan,MEM,815615.0,0.0,0.0,0.0,0.0,0.0,Minimum Salary,0.0
Dillon Brooks,MEM,815615.0,1378242.0,1618520.0,0.0,0.0,0.0,MLE,2193857.0
Brook Lopez,LAL,22642350.0,0.0,0.0,0.0,0.0,0.0,Bird Rights,22642350.0
Kentavious Caldwell-Pope,LAL,17745894.0,0.0,0.0,0.0,0.0,0.0,Cap space,17745894.0
Luol Deng,LAL,17190000.0,18000000.0,18810000.0,0.0,0.0,0.0,Cap Space,54000000.0
Jordan Clarkson,LAL,11562500.0,12500000.0,13437500.0,0.0,0.0,0.0,Cap Space,37500000.0
Corey Brewer,LAL,7579366.0,0.0,0.0,0.0,0.0,0.0,Cap Space,7579366.0
Lonzo Ball,LAL,6286560.0,7461960.0,8719320.0,11003782.0,0.0,0.0,1st Round Pick,13748520.0
Brandon Ingram,LAL,5519400.0,5757120.0,7265485.0,0.0,0.0,0.0,1st Round pick,5519400.0
Julius Randle,LAL,4149242.0,0.0,0.0,0.0,0.0,0.0,1st Round Pick,4149242.0
Tyler Ennis,LAL,1524305.0,1656092.0,0.0,0.0,0.0,0.0,Minimum Salary,1524305.0
Vander Blue,LAL,1471382.0,0.0,0.0,0.0,0.0,0.0,Minimum Salary,50000.0
Larry Nance Jr.,LAL,1471382.0,2272391.0,0.0,0.0,0.0,0.0,1st Round pick,1471382.0
Briante Weber,LAL,1471382.0,0.0,0.0,0.0,0.0,0.0,Minimum Salary,50000.0
Kyle Kuzma,LAL,1423560.0,1689840.0,1974600.0,3562178.0,0.0,0.0,1st Round Pick,3113400.0
Josh Hart,LAL,1394520.0,1655160.0,1934160.0,3491159.0,0.0,0.0,1st Round Pick,3049680.0
Stephen Zimmerman,LAL,1312611.0,0.0,0.0,0.0,0.0,0.0,Minimum Salary,0.0
Ivica Zubac,LAL,1312611.0,1544951.0,0.0,0.0,0.0,0.0,Cap Space,1312611.0
Thomas Bryant,LAL,815615.0,1378242.0,0.0,0.0,0.0,0.0,Minimum Salary,815615.0
V.J. Beachem,LAL,815615.0,0.0,0.0,0.0,0.0,0.0,Minimum Salary,50000.0
Bismack Biyombo,ORL,17000000.0,17000000.0,17000000.0,0.0,0.0,0.0,Cap Space,34000000.0
Evan Fournier,ORL,17000000.0,17000000.0,17000000.0,17000000.0,0.0,0.0,Cap Space,51000000.0
Nikola Vucevic,ORL,12250000.0,12750000.0,0.0,0.0,0.0,0.0,Bird Rights,25000000.0
Terrence Ross,ORL,10500000.0,10500000.0,0.0,0.0,0.0,0.0,Rookie scale extension,21000000.0
D.J. Augustin,ORL,7250000.0,7250000.0,7250000.0,0.0,0.0,0.0,Cap Space,21750000.0
Jonathon Simmons,ORL,6300000.0,6000000.0,5700000.0,0.0,0.0,0.0,Cap space,13300000.0
Shelvin Mack,ORL,6000000.0,6000000.0,0.0,0.0,0.0,0.0,Cap space,6000000.0
Aaron Gordon,ORL,5504420.0,0.0,0.0,0.0,0.0,0.0,1st Round Pick,5504420.0
Jonathan Isaac,ORL,4186320.0,4969080.0,5806440.0,7362566.0,0.0,0.0,1st Round Pick,9155400.0
Mario Hezonja,ORL,4078320.0,5167231.0,0.0,0.0,0.0,0.0,1st round pick,4078320.0
Elfrid Payton,ORL,3332340.0,0.0,0.0,0.0,0.0,0.0,1st Round Pick,3332340.0
Arron Afflalo,ORL,2328652.0,0.0,0.0,0.0,0.0,0.0,Minimum Salary,2328652.0
Marreese Speights,ORL,2116955.0,0.0,0.0,0.0,0.0,0.0,Minimum Salary,2116955.0
Wesley Iwundu,ORL,1050000.0,1378242.0,1618520.0,0.0,0.0,0.0,0,2428242.0
Troy Caupain,ORL,815615.0,0.0,0.0,0.0,0.0,0.0,Minimum Salary,0.0
Khem Birch,ORL,815615.0,1378242.0,0.0,0.0,0.0,0.0,Minimum Salary,25000.0
C.J. Watson,ORL,333334.0,333333.0,333333.0,0.0,0.0,0.0,0,1000000.0
Allen Crabbe,BRK,19332500.0,18500000.0,18500000.0,0.0,0.0,0.0,Cap Space,37832500.0
Timofey Mozgov,BRK,15280000.0,16000000.0,16720000.0,0.0,0.0,0.0,Cap Space,48000000.0
DeMarre Carroll,BRK,14800000.0,15400000.0,0.0,0.0,0.0,0.0,Cap Space,30200000.0
Jeremy Lin,BRK,12000000.0,12516746.0,0.0,0.0,0.0,0.0,Cap Space,12000000.0
Trevor Booker,BRK,9125000.0,0.0,0.0,0.0,0.0,0.0,Cap Space,9125000.0
D'Angelo Russell,BRK,5562360.0,7019698.0,0.0,0.0,0.0,0.0,1st round pick,5562360.0
Jarrett Allen,BRK,1713720.0,2034120.0,2376840.0,3909902.0,0.0,0.0,1st Round Pick,3747840.0
Quincy Acy,BRK,1709538.0,0.0,0.0,0.0,0.0,0.0,Cap space,0.0
Caris LeVert,BRK,1632480.0,1702800.0,2625718.0,0.0,0.0,0.0,1st Round pick,1632480.0
Sean Kilpatrick,BRK,1524305.0,0.0,0.0,0.0,0.0,0.0,Minimum Salary,1524305.0
Joe Harris,BRK,1524305.0,0.0,0.0,0.0,0.0,0.0,Minimum Salary,1524305.0
Spencer Dinwiddie,BRK,1524305.0,1656092.0,0.0,0.0,0.0,0.0,Minimum Salary,50000.0
Rondae Hollis-Jefferson,BRK,1471382.0,2470357.0,0.0,0.0,0.0,0.0,1st Round pick,1471382.0
Isaiah Whitehead,BRK,1312611.0,1544951.0,1676735.0,0.0,0.0,0.0,Cap Space,1312611.0
Milton Doyle,BRK,815615.0,0.0,0.0,0.0,0.0,0.0,Minimum Salary,0.0
Jeremy Senglin,BRK,815615.0,0.0,0.0,0.0,0.0,0.0,Minimum Salary,0.0
Deron Williams,BRK,5500000.0,5500000.0,5500000.0,0.0,0.0,0.0,0,16500000.0
Kent Bazemore,ATL,16910113.0,18089887.0,19269662.0,0.0,0.0,0.0,Cap Space,35000000.0
Dennis Schroder,ATL,15500000.0,15500000.0,15500000.0,15500000.0,0.0,0.0,1st Round Pick,62000000.0
Miles Plumlee,ATL,12500000.0,12500000.0,12500000.0,0.0,0.0,0.0,Bird Rights,37500000.0
Marco Belinelli,ATL,6606060.0,0.0,0.0,0.0,0.0,0.0,Cap Space,6606060.0
Dewayne Dedmon,ATL,6000000.0,6300000.0,0.0,0.0,0.0,0.0,Cap space,6000000.0
Ersan Ilyasova,ATL,6000000.0,0.0,0.0,0.0,0.0,0.0,Cap space,6000000.0
Mike Muscala,ATL,5000000.0,5000000.0,0.0,0.0,0.0,0.0,Cap space,5000000.0
Malcolm Delaney,ATL,2500000.0,0.0,0.0,0.0,0.0,0.0,Room Exception,2500000.0
Taurean Waller-Prince,ATL,2422560.0,2526840.0,3481986.0,0.0,0.0,0.0,1st Round pick,2422560.0
Luke Babbitt,ATL,1974159.0,0.0,0.0,0.0,0.0,0.0,Minimum Salary,987080.0
John Collins,ATL,1936920.0,2299080.0,2686560.0,4137302.0,0.0,0.0,1st Round Pick,4236000.0
DeAndre' Bembry,ATL,1567200.0,1634640.0,2603982.0,0.0,0.0,0.0,1st Round pick,1567200.0
Nicolas Brussino,ATL,1312611.0,1544951.0,0.0,0.0,0.0,0.0,Minimum Salary,1312611.0
Tyler Dorsey,ATL,815615.0,1378242.0,0.0,0.0,0.0,0.0,Minimum Salary,2193857.0
Jamal Crawford,ATL,10942762.0,2304226.0,0.0,0.0,0.0,0.0,0,13246988.0
Mike Dunleavy,ATL,1662500.0,0.0,0.0,0.0,0.0,0.0,0,1662500.0
Diamond Stone,ATL,1312611.0,0.0,0.0,0.0,0.0,0.0,0,1312611.0
George Hill,SAC,20000000.0,19000000.0,18000000.0,0.0,0.0,0.0,Cap space,40000000.0
Zach Randolph,SAC,12307692.0,11692308.0,0.0,0.0,0.0,0.0,Cap space,24000000.0
Bogdan Bogdanovic,SAC,9470614.0,9000000.0,8529386.0,0.0,0.0,0.0,Cap space,27000000.0
Kosta Koufos,SAC,8393000.0,8739500.0,0.0,0.0,0.0,0.0,Cap Space,8393000.0
Vince Carter,SAC,8000000.0,0.0,0.0,0.0,0.0,0.0,Cap space,8000000.0
Garrett Temple,SAC,8000000.0,8000000.0,0.0,0.0,0.0,0.0,Cap Space,8000000.0
De'Aaron Fox,SAC,4609200.0,5407920.0,6392760.0,8099627.0,0.0,0.0,1st Round Pick,10017120.0
Willie Cauley-Stein,SAC,3704160.0,4696875.0,0.0,0.0,0.0,0.0,1st round pick,3704160.0
Buddy Hield,SAC,3675480.0,3833760.0,4861208.0,0.0,0.0,0.0,1st Round pick,3675480.0
Justin Jackson,SAC,2365560.0,2807880.0,3280920.0,5029650.0,0.0,0.0,1st Round Pick,5173440.0
Georgios Papagiannis,SAC,2301360.0,2400480.0,3430288.0,0.0,0.0,0.0,1st Round pick,2301360.0
Harry Giles,SAC,1859400.0,2207040.0,2578800.0,3976510.0,0.0,0.0,1st Round Pick,4066440.0
Malachi Richardson,SAC,1504560.0,1569360.0,2581597.0,0.0,0.0,0.0,1st Round pick,1504560.0
Skal Labissiere,SAC,1312611.0,1544951.0,2338847.0,0.0,0.0,0.0,1st Round pick,1312611.0
Frank Mason,SAC,1184385.0,1378242.0,1618520.0,0.0,0.0,0.0,0,2562627.0
Matt Barnes,SAC,2133542.0,2133542.0,2133541.0,0.0,0.0,0.0,0,6400625.0
Anthony Tolliver,SAC,2000000.0,0.0,0.0,0.0,0.0,0.0,0,2000000.0
Arron Afflalo,SAC,1500000.0,0.0,0.0,0.0,0.0,0.0,0,1500000.0
Caron Butler,SAC,517220.0,517220.0,0.0,0.0,0.0,0.0,0,1034440.0
Victor Oladipo,IND,21000000.0,21000000.0,21000000.0,21000000.0,0.0,0.0,1st Round Pick,84000000.0
Thaddeus Young,IND,14796348.0,13764045.0,0.0,0.0,0.0,0.0,Bird Rights,14796348.0
Bojan Bogdanovic,IND,10500000.0,10500000.0,0.0,0.0,0.0,0.0,Cap space,12000000.0
Darren Collison,IND,10000000.0,10000000.0,0.0,0.0,0.0,0.0,Cap space,12000000.0
Al Jefferson,IND,9769821.0,10000000.0,0.0,0.0,0.0,0.0,Cap Space,13769821.0
Cory Joseph,IND,7630000.0,7945000.0,0.0,0.0,0.0,0.0,Cap Space,7630000.0
Lance Stephenson,IND,4180000.0,4360000.0,0.0,0.0,0.0,0.0,Cap space,4180000.0
Myles Turner,IND,2569920.0,3410284.0,0.0,0.0,0.0,0.0,1st round pick,5980204.0
Domantas Sabonis,IND,2550000.0,2659800.0,3529555.0,0.0,0.0,0.0,1st Round pick,2550000.0
Damien Wilkins,IND,2116955.0,0.0,0.0,0.0,0.0,0.0,Minimum Salary,25000.0
T.J. Leaf,IND,2028360.0,2407560.0,2813280.0,4326825.0,0.0,0.0,1st Round Pick,4435920.0
Glenn Robinson,IND,1524305.0,0.0,0.0,0.0,0.0,0.0,Minimum Salary,0.0
Joe Young,IND,1471382.0,1600520.0,0.0,0.0,0.0,0.0,Cap Space,1471382.0
Ike Anigbogu,IND,950000.0,1378242.0,1618520.0,0.0,0.0,0.0,Cap space,1640000.0
Ben Moore,IND,815615.0,0.0,0.0,0.0,0.0,0.0,Minimum Salary,0.0
Monta Ellis,IND,2245400.0,2245400.0,2245400.0,2245400.0,2245400.0,0.0,0,11227000.0
Rakeem Christmas,IND,172552.0,0.0,0.0,0.0,0.0,0.0,0,172552.0
Georges Niang,IND,100000.0,0.0,0.0,0.0,0.0,0.0,0,100000.0
Harrison Barnes,DAL,23112004.0,24107258.0,25102512.0,0.0,0.0,0.0,Cap Space,47219262.0
Wesley Matthews,DAL,17884176.0,18622514.0,0.0,0.0,0.0,0.0,Cap Space,17884176.0
Dwight Powell,DAL,9003125.0,9631250.0,10259375.0,0.0,0.0,0.0,Cap Space,18634375.0
Josh McRoberts,DAL,6021175.0,0.0,0.0,0.0,0.0,0.0,MLE,6021175.0
Dirk Nowitzki,DAL,5000000.0,5000000.0,0.0,0.0,0.0,0.0,Cap space,5000000.0
Devin Harris,DAL,4402546.0,0.0,0.0,0.0,0.0,0.0,Cap Space,1339662.0
Nerlens Noel,DAL,4187599.0,0.0,0.0,0.0,0.0,0.0,1st Round Pick,4187599.0
J.J. Barea,DAL,3903900.0,3710850.0,0.0,0.0,0.0,0.0,Cap Space,7614750.0
Dennis Smith,DAL,3218280.0,3819960.0,4463640.0,5686677.0,0.0,0.0,1st Round Pick,7038240.0
Seth Curry,DAL,3028410.0,0.0,0.0,0.0,0.0,0.0,Room exception,3028410.0
Jeff Withey,DAL,1577320.0,1795015.0,0.0,0.0,0.0,0.0,Minimum Salary,350000.0
Salah Mejri,DAL,1471382.0,0.0,0.0,0.0,0.0,0.0,Minimum Salary,1471382.0
Maalik Wayns,DAL,1471382.0,0.0,0.0,0.0,0.0,0.0,Minimum Salary,0.0
Yogi Ferrell,DAL,1312611.0,0.0,0.0,0.0,0.0,0.0,Minimum Salary,1312611.0
Dorian Finney-Smith,DAL,1312611.0,1544951.0,0.0,0.0,0.0,0.0,Minimum Salary,0.0
Brandon Ashley,DAL,815615.0,0.0,0.0,0.0,0.0,0.0,Minimum Salary,0.0
Maxi Kleber,DAL,815615.0,1378242.0,0.0,0.0,0.0,0.0,Minimum Salary,815615.0
PJ Dozier,DAL,815615.0,0.0,0.0,0.0,0.0,0.0,Minimum Salary,0.0
Gian Clavell,DAL,815615.0,0.0,0.0,0.0,0.0,0.0,Minimum Salary,0.0
Gal Mekel,DAL,315760.0,0.0,0.0,0.0,0.0,0.0,0,315760.0
Paul Millsap,DEN,31269231.0,29730769.0,30500000.0,0.0,0.0,0.0,Cap space,61000000.0
Kenneth Faried,DEN,12921348.0,13764045.0,0.0,0.0,0.0,0.0,1st Round Pick,26685393.0
Wilson Chandler,DEN,12016854.0,12800562.0,0.0,0.0,0.0,0.0,0,12016854.0
Darrell Arthur,DEN,7464912.0,7464912.0,0.0,0.0,0.0,0.0,Cap Space,7464912.0
Jameer Nelson,DEN,4736050.0,0.0,0.0,0.0,0.0,0.0,Cap Space,4736050.0
Will Barton,DEN,3533333.0,0.0,0.0,0.0,0.0,0.0,Bird Rights,3533333.0
Emmanuel Mudiay,DEN,3381480.0,4294480.0,0.0,0.0,0.0,0.0,1st round pick,3381480.0
Jamal Murray,DEN,3355320.0,3499800.0,4444746.0,0.0,0.0,0.0,1st Round pick,3355320.0
Gary Harris,DEN,2550055.0,0.0,0.0,0.0,0.0,0.0,1st Round Pick,2550055.0
Trey Lyles,DEN,2441400.0,3364249.0,0.0,0.0,0.0,0.0,1st round pick,2441400.0
Juan Hernangomez,DEN,2076840.0,2166360.0,3321030.0,0.0,0.0,0.0,1st Round pick,2076840.0
Malik Beasley,DEN,1700640.0,1773840.0,2731714.0,0.0,0.0,0.0,1st Round pick,1700640.0
Tyler Lydon,DEN,1579440.0,1874640.0,2190720.0,0.0,0.0,0.0,1st Round Pick,3454080.0
Nikola Jokic,DEN,1417382.0,1600520.0,0.0,0.0,0.0,0.0,0,1417382.0
J.J. Redick,PHI,23000000.0,0.0,0.0,0.0,0.0,0.0,Cap space,23000000.0
Amir Johnson,PHI,11000000.0,0.0,0.0,0.0,0.0,0.0,Cap space,11000000.0
Jerryd Bayless,PHI,9000000.0,8575916.0,0.0,0.0,0.0,0.0,Cap Space,17575916.0
Markelle Fultz,PHI,7026240.0,8339880.0,9745200.0,12288697.0,0.0,0.0,1st Round Pick,15366120.0
Ben Simmons,PHI,6168840.0,6434520.0,8113930.0,0.0,0.0,0.0,1st Round pick,6168840.0
Joel Embiid,PHI,6100266.0,0.0,0.0,0.0,0.0,0.0,1st Round Pick,6100266.0
Jahlil Okafor,PHI,4995120.0,6313832.0,0.0,0.0,0.0,0.0,1st round pick,4995120.0
Nik Stauskas,PHI,3807146.0,0.0,0.0,0.0,0.0,0.0,1st Round Pick,3807146.0
Dario Saric,PHI,2422560.0,2526840.0,3481986.0,0.0,0.0,0.0,1st Round pick,2422560.0
Justin Anderson,PHI,1579440.0,2516048.0,0.0,0.0,0.0,0.0,1st Round pick,1579440.0
Robert Covington,PHI,1577230.0,0.0,0.0,0.0,0.0,0.0,Cap Space,0.0
T.J. McConnell,PHI,1471382.0,1600520.0,0.0,0.0,0.0,0.0,Minimum Salary,0.0
Richaun Holmes,PHI,1471382.0,1600520.0,0.0,0.0,0.0,0.0,Cap Space,0.0
Furkan Korkmaz,PHI,1465920.0,1740000.0,2033160.0,3665787.0,0.0,0.0,1st Round Pick,3205920.0
Timothe Luwawu-Cabarrot,PHI,1386600.0,1544951.0,2529684.0,0.0,0.0,0.0,1st Round pick,1386600.0
James Blackmon,PHI,815615.0,0.0,0.0,0.0,0.0,0.0,Minimum Salary,0.0
Gerald Henderson,PHI,1000000.0,0.0,0.0,0.0,0.0,0.0,0,1000000.0
Tibor Pleiss,PHI,500000.0,0.0,0.0,0.0,0.0,0.0,0,500000.0
Eric Bledsoe,PHO,14500000.0,15000000.0,0.0,0.0,0.0,0.0,Bird Rights,29500000.0
Brandon Knight,PHO,13618750.0,14631250.0,15643750.0,0.0,0.0,0.0,0,43893750.0
Tyson Chandler,PHO,13000000.0,13585000.0,0.0,0.0,0.0,0.0,Cap Space,26585000.0
Jared Dudley,PHO,10000000.0,9530000.0,0.0,0.0,0.0,0.0,Cap Space,19530000.0
Alan Williams,PHO,6000000.0,5520000.0,5520000.0,0.0,0.0,0.0,Cap space,6000000.0
Josh Jackson,PHO,5090040.0,6041520.0,7059480.0,8930242.0,0.0,0.0,1st Round Pick,11131560.0
Dragan Bender,PHO,4468800.0,4661280.0,5896519.0,0.0,0.0,0.0,1st Round pick,4468800.0
T.J. Warren,PHO,3152931.0,0.0,0.0,0.0,0.0,0.0,1st Round Pick,3152931.0
Marquese Chriss,PHO,3073800.0,3206160.0,4078236.0,0.0,0.0,0.0,1st Rd pick,3073800.0
Devin Booker,PHO,2319360.0,3314365.0,0.0,0.0,0.0,0.0,1st round pick,2319360.0
Elijah Millsap,PHO,1524305.0,0.0,0.0,0.0,0.0,0.0,Cap space,0.0
Tyler Ulis,PHO,1312611.0,1544951.0,1676735.0,0.0,0.0,0.0,Cap Space,1312611.0
Derrick Jones,PHO,1312611.0,1544951.0,0.0,0.0,0.0,0.0,Minimum Salary,0.0
Davon Reed,PHO,815615.0,1378242.0,1618520.0,0.0,0.0,0.0,Minimum Salary,1504736.0
Leandro Barbosa,PHO,500000.0,0.0,0.0,0.0,0.0,0.0,0,500000.0
Dwyane Wade,CHI,23800000.0,0.0,0.0,0.0,0.0,0.0,Cap Space,23800000.0
Robin Lopez,CHI,13788500.0,14357750.0,0.0,0.0,0.0,0.0,Cap Space,28146250.0
Cristiano Felicio,CHI,7843500.0,8470980.0,8156500.0,7529020.0,0.0,0.0,Cap space,32000000.0
Justin Holiday,CHI,4615385.0,4384616.0,0.0,0.0,0.0,0.0,MLE,9000001.0
Kris Dunn,CHI,4046760.0,4221000.0,5348007.0,0.0,0.0,0.0,1st Round pick,4046760.0
Quincy Pondexter,CHI,3853931.0,0.0,0.0,0.0,0.0,0.0,1st Round Pick,3853931.0
Lauri Markkanen,CHI,3821640.0,4536120.0,5300400.0,6731508.0,0.0,0.0,1st Round Pick,8357760.0
Zach LaVine,CHI,3202217.0,0.0,0.0,0.0,0.0,0.0,1st Round Pick,3202217.0
Cameron Payne,CHI,2203440.0,3263295.0,0.0,0.0,0.0,0.0,1st round pick,2203440.0
Denzel Valentine,CHI,2186400.0,2280600.0,3377569.0,0.0,0.0,0.0,1st Round pick,2186400.0
Jerian Grant,CHI,1713840.0,2639314.0,0.0,0.0,0.0,0.0,1st Round pick,1713840.0
Bobby Portis,CHI,1516320.0,2494346.0,0.0,0.0,0.0,0.0,1st Round pick,1516320.0
Paul Zipser,CHI,1312611.0,1544951.0,1676735.0,0.0,0.0,0.0,Cap Space,1312611.0
David Nwaba,CHI,1312611.0,0.0,0.0,0.0,0.0,0.0,Minimum Salary,0.0
Rajon Rondo,CHI,3000000.0,0.0,0.0,0.0,0.0,0.0,0,3000000.0
Isaiah Canaan,CHI,200000.0,0.0,0.0,0.0,0.0,0.0,0,200000.0
