player_name,position,height_inches,weight_lbs,college,draft_year,years_in_college,games,minutes_per_game,points,rebounds,assists,steals,blocks,turnovers,fg_percent,3_fg_percent,free_throw_percent,effective_fg_percent,player_efficiency_rating,win_shares
Erik Vaaler,School: University of California,,,,1974,1,7.0,,3.4,2.9,,,,,64.7,,18.2,,,
_ Vaaler,School: University of California,,,,1973,1,5.0,,,1.2,0.2,,,,,,,,,
Charlie Vacca,Forward,75.0,190.0,South Carolina,1969,2,28.0,,2.2,1.8,,,,,45.7,,71.4,,,
Steve Vacendak,Guard,73.0,185.0,Duke,1966,3,84.0,,11.3,4.3,,,,,43.1,,68.2,,,
Charles Vachris,Guard,76.0,193.0,Yale,1960,1,18.0,,0.9,0.5,,,,,18.8,,90.9,,,
Larry Vaculik,Center,80.0,203.0,Colorado,1978,4,106.0,0.6,10.3,6.7,1.2,0.4,0.6,,49.0,,71.9,,,
Jerome Vaden,Guard,,,,1998,2,57.0,,8.1,1.4,0.9,0.6,0.0,,37.1,30.6,78.5,46.6,,1.6
Robert Vaden,Guard,77.0,196.0,  Schools: Indiana and Alabama-Birmingham,2008,3,127.0,,15.8,4.6,2.6,1.0,0.4,2.7,40.5,38.2,80.8,51.9,,15.1
Joe Vader,Forward,,,,1959,1,3.0,,1.3,1.0,,,,,50.0,,,,,
Byron Vadset,Guard,,,,1965,4,,,,,,,,,,,,,,
Tony Vaglienti,Forward,78.0,198.0,Sam Houston State,1995,1,2.0,,2.0,0.0,0.5,0.0,0.5,,50.0,,,50.0,,
Jeremy Vague,Center,82.0,208.0,  Schools: Pepperdine and Utah State,2002,3,69.0,,5.8,3.8,0.4,0.3,0.8,,55.2,0.0,57.6,55.2,,6.1
_ Vahidiek,School: Rice,,,,1948,1,,,,,,,,,,,,,,
Dennis Vail,Center,82.0,208.0,William & Mary,1976,3,80.0,1.2,6.7,4.4,,0.5,1.2,1.4,50.7,,55.0,,,
Jack Vail,School: Georgetown,,,,1953,1,,,,,,,,,,,,,,
John Vail,Forward,78.0,198.0,Georgia Southern,1975,2,51.0,,13.4,6.1,,,,,48.0,,73.9,,,
_ Vail,6-4 (193cm) ,,,,1958,1,28.0,,10.9,10.0,,,,,35.9,,50.5,,,
Jack Vaile,6-2 (188cm) ,,,,1955,3,39.0,,1.4,1.1,,,,,25.4,,62.5,,,
Veikko Vainio,Center,,,,1971,3,31.0,,1.0,1.3,,,,,,,57.9,,,
Arvydas Vaitiekus,Center,83.0,211.0,Utah State,2007,1,19.0,,2.0,1.4,0.1,0.1,0.3,,70.4,,0.0,70.4,,0.6
Brian Vaka,Guard,74.0,188.0,Santa Clara,2001,3,116.0,,4.7,2.5,1.4,0.6,0.2,,40.2,28.2,68.2,45.1,,4.4
Tim Vala,Forward,78.0,198.0,Rice,1977,1,27.0,,11.4,7.1,2.5,,,2.5,43.4,,67.1,,,
Pete Valaika,Guard,76.0,193.0,Northern Illinois,1977,3,72.0,,5.4,2.3,,,,,43.4,,62.5,,,
John Valainis,6-6 (198cm) ,,,,1965,2,,,,,,,,,,,,,,
Pete Valalka,Guard,76.0,193.0,Northern Illinois,1976,1,26.0,,14.7,3.5,,,,,45.7,,74.7,,,
Rich Valavicius,Forward,77.0,196.0,Auburn,1980,2,46.0,0.0,13.2,3.9,1.5,0.5,0.2,,52.8,,74.1,,,
Rich Valavicius,Forward,,,,1977,2,,,,,,,,0.7,,,,,,
Mark Valderas,Forward,77.0,196.0,Loyola (MD),1982,1,26.0,,5.8,2.7,,,,,42.3,,69.6,,,
Robert Valderas,Forward,80.0,203.0,St. Joseph's,1979,4,98.0,0.6,7.3,4.1,,0.5,0.6,,45.6,,67.7,,,
Robert Valderas,School: San Jose State,,,,1977,1,,,,,,,,,,,,,,
Aaron Valdes,Guard,77.0,190.0,Hawaii,2016,3,94.0,22.7,10.4,4.3,1.3,1.1,0.4,1.2,47.9,33.8,65.6,53.3,20.5,9.2
Benny Valdes,Guard,71.0,180.0,Florida International,1993,2,58.0,28.9,5.5,2.2,3.8,0.9,0.1,,39.8,38.5,67.0,48.2,,
Art Valdez,6-3 (190cm) ,,,,1955,1,6.0,,0.8,1.0,,,,,22.2,,100.0,,,
Gabriel Valdez,Guard,74.0,188.0,Texas-Rio Grande Valley,1990,3,103.0,29.6,9.2,2.0,2.6,1.0,0.1,2.8,47.6,42.4,85.2,55.1,,
Juan Valdez,Center,83.0,211.0,UTSA,2003,3,49.0,,4.1,3.7,0.7,0.3,0.7,,41.8,16.7,49.0,42.1,,1.4
Nick Valdez,Forward,79.0,201.0,Texas Tech,2003,2,47.0,,4.8,3.4,2.4,1.0,0.2,,43.8,31.5,73.4,49.1,,3.3
Donald Vale,Forward,76.0,193.0,Marist,2001,3,69.0,,5.1,2.9,0.5,0.6,0.5,,42.6,29.5,60.0,44.6,,2.6
Arturas Valeika,Center,81.0,206.0,Weber State,2008,2,62.0,,8.9,8.3,1.1,0.7,0.8,2.1,52.8,36.5,68.7,57.2,,5.5
Florentino Valencia,Forward,77.0,196.0,Toledo,2006,3,122.0,,10.5,4.1,0.6,0.6,0.3,,62.2,,65.1,62.2,,13.3
Sal Valente,Forward,,,,1965,2,7.0,,3.7,1.7,,,,,40.0,,,,,
Phil Valenti,Forward,79.0,195.0,Canisius,2016,3,125.0,26.3,10.8,5.1,1.9,0.9,0.3,1.6,47.9,35.2,75.7,52.5,18.4,9.9
Eric Valentin,Guard,64.0,143.0,Green Bay,2012,2,15.0,2.9,0.7,0.2,0.3,0.2,0.0,0.3,25.0,14.3,66.7,29.2,6.7,0.0
Andre Valentine,Forward,76.0,193.0,San Jose State,2002,2,42.0,,5.5,3.8,0.6,0.5,0.1,,39.9,21.8,55.2,42.9,,0.7
Anthony Valentine,Guard,73.0,185.0,Northern Arizona,1989,1,16.0,19.4,5.1,2.1,2.1,0.7,0.0,2.5,34.9,38.1,65.0,39.5,,
Art Valentine,Forward,79.0,201.0,Maryland-Eastern Shore,2007,2,46.0,,1.1,1.2,0.2,0.2,0.1,,33.9,0.0,50.0,33.9,,-0.2
Benny Valentine,Guard,67.0,170.0,  Schools: Texas Tech and Eastern Washington,2010,3,77.0,20.1,9.7,1.9,2.5,1.2,0.0,2.3,38.6,34.0,70.3,46.3,,2.8
Carlton Valentine,Forward,77.0,196.0,Michigan State,1987,3,107.0,20.1,8.4,4.1,,0.3,0.1,1.5,60.1,,67.2,,,
Craig Valentine,Guard,73.0,185.0,Towson,1993,3,71.0,,2.4,1.1,1.0,0.7,0.0,,48.9,,66.2,49.2,,
Craig Valentine,Guard,73.0,185.0,Towson,1990,1,24.0,,1.1,0.3,0.5,0.2,0.0,,50.0,0.0,68.8,50.0,,
Darnell Valentine,Guard,73.0,183.0,Kansas,1980,3,118.0,33.1,15.4,3.6,5.2,2.8,0.2,2.8,47.6,,71.8,,,
Denzel Valentine,Guard,77.0,220.0,Michigan State,2013,1,144.0,4.0,11.4,5.9,4.4,0.3,2.2,2.1,44.2,40.8,77.9,54.4,20.4,18.8
Derrick Valentine,Forward,80.0,203.0,Arkansas State,1981,2,18.0,,1.2,0.7,,0.1,0.1,0.7,58.8,,,,,
Dick Valentine,Guard,73.0,185.0,Oregon,1957,1,17.0,,1.7,0.9,,,,,17.0,,64.7,,,
Drew Valentine,Forward,77.0,232.0,Oakland,2012,3,136.0,25.7,7.9,5.2,1.8,1.1,0.1,1.7,50.8,35.5,66.7,56.8,16.1,8.2
George Valentine,Forward,80.0,235.0,Winthrop,2010,3,131.0,30.1,5.4,5.2,0.6,1.0,0.7,1.1,56.4,,50.2,56.4,,9.9
Keith Valentine,Guard,72.0,183.0,UNC,1976,1,10.0,0.0,0.9,0.2,0.4,0.1,0.0,,40.0,,50.0,,,
Robbie Valentine,Forward,78.0,198.0,Louisville,1985,3,56.0,2.7,1.1,0.8,0.3,0.1,0.0,0.4,44.1,,36.0,,,
Ronnie Valentine,Forward,79.0,210.0,Old Dominion,1980,4,101.0,,21.8,9.4,,,,,51.5,,72.6,,,
Shawn Valentine,Forward,79.0,195.0,Rider,2015,3,128.0,18.4,3.8,2.6,1.0,0.7,0.3,1.1,37.1,30.8,65.2,44.3,8.9,3.3
Sorrell Valentine,School: Jackson State,,,,1997,1,18.0,,1.0,0.2,0.7,0.1,0.0,,44.4,0.0,40.0,44.4,,0.0
Steve Valentine,Guard,72.0,183.0,Hartford,1988,1,5.0,,0.4,0.0,0.2,0.2,0.0,,33.3,0.0,,33.3,,
Jim Valentino,Guard,74.0,188.0,Idaho,1974,2,34.0,,4.1,1.4,1.0,,,1.3,39.0,,62.1,,,
Troy Valentino,Guard,75.0,190.0,SMU,1991,3,90.0,,3.7,0.7,0.8,0.2,0.1,,37.3,33.9,75.6,46.3,,
Brett Valentyn,Guard,76.0,195.0,Wisconsin,2010,3,51.0,4.3,0.6,0.3,0.2,0.0,0.0,0.1,34.5,33.3,75.0,50.0,,0.2
Luis Valera,Forward,79.0,201.0,Texas-Rio Grande Valley,2010,2,60.0,23.5,7.5,4.2,0.3,0.3,0.4,1.4,50.9,0.0,65.2,50.9,,2.7
Tom Valerio,Guard,74.0,188.0,Army,1976,3,62.0,,3.0,0.8,,0.9,,,33.5,,63.1,,,
Joe Vales,Guard,,,,1967,3,,,,,,,,,,,,,,
Ray Vales,Guard,73.0,185.0,Notre Dame,1961,3,13.0,,,,,,,,,,,,,
Willis Valet,School: Bradley,,,,1951,1,4.0,,1.8,,,,,,33.3,,50.0,,,
Bob Valibus,Guard,74.0,188.0,Notre Dame,1972,1,6.0,,9.0,2.0,,,,,29.4,,66.7,,,
Norbert Valis,Forward,80.0,203.0,Princeton,1993,3,41.0,4.8,1.6,1.0,,0.0,0.0,0.1,53.2,27.3,,56.4,,
Vytautus Valiulis,Guard,73.0,185.0,Citadel,2007,2,57.0,,3.8,1.6,1.8,0.9,0.0,,31.6,21.4,63.9,37.0,,-0.2
Zarko Valjarevic,Forward,76.0,210.0,Maine,2014,3,83.0,26.7,9.4,1.8,1.1,0.6,0.0,1.1,39.0,37.3,74.0,52.5,11.2,2.5
Nick Valla,Guard,74.0,186.0,Missouri State,2011,1,15.0,6.1,0.7,0.2,0.3,0.1,0.0,0.4,30.0,16.7,75.0,35.0,0.0,0.0
James Valladares,Center,81.0,230.0,New Hampshire,2010,3,92.0,13.3,1.8,1.4,0.2,0.1,0.3,0.3,35.0,25.4,57.1,39.6,,1.1
John Vallely,Guard,74.0,188.0,UCLA,1970,2,58.0,2.2,13.8,3.5,,,,2.1,49.0,,73.5,,,
_ Vallen,School: Temple,,,,1961,1,1.0,,,2.0,,,,,,,,,,
Ryan Valley,Forward,80.0,203.0,Cal Poly,1997,1,2.0,,1.5,0.5,0.0,0.0,0.0,,50.0,,50.0,50.0,,0.0
David Vallins,Guard,69.0,175.0,Hofstra,2009,2,9.0,,0.0,0.0,0.0,0.0,0.0,0.2,0.0,,,0.0,,0.0
Ralph Vallot,Forward,78.0,198.0,Loyola (IL),1976,2,51.0,,20.1,9.0,,,,,47.8,,65.4,,,
Ralph Vallot,Forward,77.0,196.0,Saint Louis,1973,1,8.0,,4.6,2.1,0.1,,,,35.6,,100.0,,,
Travis Valmon,Guard,73.0,175.0,Maryland,2017,1,5.0,1.6,0.4,0.4,0.0,0.2,0.0,0.4,0.0,,100.0,0.0,5.4,0.0
John Valore,School: West Chester,,,,1966,1,13.0,,3.8,3.7,,,,,42.9,,47.1,,,
Corey Valsin,Guard,77.0,196.0,Texas Christian,2004,3,103.0,,4.6,3.7,1.0,0.5,0.1,,40.6,22.7,60.5,43.1,,1.9
Jim Valvano,Guard,72.0,183.0,Rutgers,1967,3,74.0,,15.2,3.7,,,,,50.7,,75.2,,,
Derrick Van,Guard,75.0,190.0,Chicago State,1992,2,31.0,14.6,11.8,2.3,1.4,0.5,0.1,1.9,39.1,36.1,69.6,51.6,,
Jacob Van,Guard,74.0,185.0,Air Force,2017,3,68.0,20.0,7.7,1.7,1.8,0.5,0.0,1.3,45.2,40.2,81.4,52.3,15.1,3.1
Josh Van,Guard,73.0,185.0,New Mexico State,2004,1,5.0,,0.4,0.6,0.2,0.0,0.0,,0.0,0.0,50.0,0.0,,0.0
Marc Van,Center,83.0,211.0,Colorado,2007,1,9.0,,0.3,1.0,0.3,0.2,0.0,,0.0,,75.0,0.0,,-0.1
Marcus Van,Forward,79.0,201.0,Central Michigan,2009,2,56.0,,9.1,6.7,0.2,0.5,1.3,1.3,52.0,,57.3,52.0,,5.2
Ronnie Van,Guard,74.0,188.0,Morgan State,1999,1,26.0,,6.0,1.4,0.6,0.4,0.0,,38.7,34.6,66.7,44.5,,0.3
Sean Van,Guard,,,,2000,2,19.0,,0.8,0.4,0.2,0.1,0.1,,33.3,60.0,87.5,50.0,,0.2
Tim Van,Center,82.0,208.0,Northwestern State,2004,2,40.0,,3.5,2.6,0.7,0.4,0.8,,46.6,0.0,56.3,46.6,,1.2
Byron Van Alstyne,Guard,72.0,183.0,USC,1951,1,22.0,,3.7,,,,,,30.8,,72.7,,,
James Van Antwerp,Forward,,,,1950,1,3.0,,2.3,,,,,,16.7,,25.0,,,
Mark Van Antwerp,Center,79.0,201.0,Seattle,1972,3,51.0,,3.3,2.7,,,,,42.8,,,,,
Steve Van Antwerp,Guard,,,,1961,1,6.0,,0.7,0.7,,,,,25.0,,,,,
Dick Van Arsdale,Forward,77.0,196.0,Indiana,1965,3,72.0,,17.2,10.0,,,,,44.2,,79.4,,,
Tom Van Arsdale,Forward,77.0,196.0,Indiana,1965,3,72.0,,17.4,10.0,,,,,44.8,,65.1,,,
Keith Van Auken,Forward,78.0,198.0,Lafayette,1991,3,75.0,15.2,3.6,3.3,,0.6,0.2,1.3,49.5,,,,,
T.J. Van Auken,School: Mercer,,,,1996,1,1.0,,0.0,0.0,0.0,0.0,0.0,,,,,,,0.0
Raymond Van Beveren,Forward,79.0,201.0,SMU,1993,3,,,,,,0.4,0.2,,,,,,,
Dale Van Bibber,Center,,,,1962,3,66.0,,11.1,,,,,,43.4,,63.9,,,
Tim Van Blommesteyn,Guard,75.0,190.0,Princeton,1973,1,21.0,,4.5,1.1,,,,,41.1,,76.2,,,
Tim van Blommesteyn,Forward,75.0,190.0,Princeton,1975,2,54.0,0.2,8.6,2.4,1.3,2.4,0.2,,50.0,,72.3,,,
Jan Van Breda Kolff,Forward,79.0,195.0,Vanderbilt,1974,3,80.0,2.5,9.2,7.0,5.4,,,2.3,41.9,,79.1,,,
Luuk van Bree,Forward,81.0,208.0,Bradley,2017,2,63.0,23.3,7.4,4.0,0.9,0.7,0.4,1.5,39.0,34.6,64.9,48.8,10.4,2.1
Brody Van Brocklin,Guard,74.0,188.0,Weber State,2008,2,62.0,,4.3,2.0,1.8,0.9,0.1,1.0,39.8,39.7,75.0,53.9,,2.2
Connor Van Brocklin,Guard,77.0,195.0,Utah,2014,1,7.0,2.4,1.6,0.1,0.1,0.1,0.0,0.0,60.0,75.0,100.0,90.0,32.6,0.2
Marc Van Burck,Center,83.0,211.0,Cornell,2009,1,6.0,,0.0,0.3,0.0,0.0,0.5,0.0,0.0,,,0.0,,0.0
Eric Van Buskirk,Forward,80.0,203.0,Miami (OH),2004,1,14.0,,0.5,0.6,0.7,0.0,0.0,,50.0,,30.0,50.0,,0.0
Eric Van Cleave,Guard,73.0,185.0,Green Bay,2008,1,6.0,,0.0,0.3,0.2,0.0,0.0,0.2,,,,,,0.0
Ray Van Cleef,Guard,66.0,168.0,Rutgers,1951,3,56.0,,3.6,,,,,,,,48.6,,,
Jim Van Coevering,Forward,,,,1970,3,23.0,,,,,,,,,,,,,
Tom Van de Keere,Forward,79.0,201.0,Fairleigh Dickinson,2000,2,,,,,,0.2,0.0,,,,,,,
Win Van de Keere,Guard,80.0,203.0,Fairleigh Dickinson,2000,2,55.0,,9.3,3.3,0.9,0.9,0.2,,39.9,35.2,78.1,51.5,,3.9
Julius van de Laar,Forward,79.0,201.0,Furman,2006,2,27.0,,1.7,1.4,0.5,0.2,0.1,,54.5,0.0,68.8,54.5,,0.5
Sean Van De Walle,Forward,76.0,193.0,Providence,2006,3,10.0,0.9,0.5,0.2,0.0,0.0,0.0,,28.6,33.3,,35.7,,0.0
Jan van den Berg,Center,82.0,208.0,Albany (NY),2002,1,3.0,,1.7,1.0,0.0,0.0,0.3,,66.7,,50.0,66.7,,0.1
Jan van der Kooij,Forward,79.0,225.0,Longwood,2011,3,53.0,15.6,3.8,2.6,0.6,0.2,0.1,0.6,37.8,31.0,54.5,47.8,,0.7
Thomas van der Mars,Center,83.0,235.0,Portland,2014,3,127.0,25.3,9.9,6.5,0.8,0.5,0.9,1.4,55.7,0.0,65.8,55.7,20.3,10.3
Gavin Van Der Putten,Center,84.0,213.0,Pepperdine,1995,3,107.0,,5.4,4.0,0.4,0.3,0.7,,49.7,,64.0,49.7,,
Eric van der Veen,Forward,81.0,206.0,Oregon,1992,2,33.0,5.3,1.3,1.0,0.2,0.1,0.1,0.3,37.2,,,,,
Chris Van Deurs,Center,84.0,213.0,Manhattan,1981,2,27.0,16.6,3.5,2.9,,0.3,1.0,1.3,35.0,,64.9,,,
Kirk Van Deusen,Center,83.0,211.0,UCF,1992,1,22.0,9.5,1.9,2.0,0.7,0.1,0.2,0.9,31.5,25.0,70.0,32.4,,
Kirk Van Deusen,Center,82.0,208.0,Central Michigan,1990,1,9.0,,0.7,0.9,0.4,0.0,0.2,,22.2,,33.3,22.2,,
B Van Deventer,School: New Hampshire,,,,1976,1,,,,,,,,,,,,,,
James Van Dien,Guard,70.0,178.0,Wisconsin,1951,2,27.0,,4.5,,,,,,34.9,,65.2,,,
Chris Van Dinten,Forward,80.0,203.0,Monmouth,1985,1,24.0,16.3,3.5,2.6,0.7,0.6,0.3,1.3,51.6,,61.8,,,
_ Van Dis,School: Western Michigan,,,,1948,1,,,,,,,,,,,,,,
Gerben Van Dorpe,Center,,,,1997,3,104.0,,9.6,4.9,0.9,0.6,1.9,,43.2,33.8,68.2,46.1,,
Andre Van Drost,Guard,74.0,188.0,Wagner,1986,3,91.0,30.4,6.8,2.2,,2.1,0.0,4.0,45.0,,68.9,,,
Glen Van Duyne,Forward,78.0,198.0,Western Illinois,1989,2,23.0,6.7,3.0,1.1,0.7,0.2,0.0,0.4,39.7,46.7,57.1,51.7,,
Matt Van Dyk,Forward,77.0,205.0,Michigan State,2017,2,51.0,5.5,1.2,1.3,0.3,0.2,0.3,0.3,52.5,,55.6,52.5,15.2,0.9
David Van Dyke,Center,81.0,206.0,UTEP,1991,3,127.0,23.7,8.5,4.7,0.6,1.0,2.6,1.3,47.6,,71.0,47.7,,
Jeff Van Dyke,Guard,74.0,180.0,Pepperdine,2014,1,18.0,6.4,0.8,0.4,0.2,0.2,0.0,0.3,23.8,25.0,,35.7,-0.2,-0.1
Julian Van Dyke,Forward,79.0,201.0,Detroit,2000,2,56.0,,1.2,1.2,0.2,0.2,0.0,,44.8,0.0,56.5,44.8,,0.6
Parker Van Dyke,Guard,75.0,185.0,Utah,2014,1,23.0,9.8,2.5,0.7,1.0,0.2,0.1,0.4,44.7,33.3,100.0,54.3,12.0,0.7
Parker Van Dyke,Guard,75.0,185.0,Utah,2017,1,31.0,17.3,4.6,1.9,1.3,0.5,0.1,0.4,39.7,34.9,46.2,50.7,11.6,1.6
Wes Van Dyke,Guard,77.0,196.0,Weber State,1973,2,48.0,,5.5,2.6,,,,,46.6,,70.8,,,
Pete Van Elswyk,Forward,,,,1998,2,58.0,,3.4,3.0,0.4,0.3,0.3,,46.0,40.0,62.6,46.7,,2.0
Peter Van Elswyk,Center,81.0,206.0,South Carolina,1995,2,55.0,,5.0,4.2,0.7,0.4,0.2,,51.6,40.5,52.5,56.0,,
Lanny Van Eman,Guard,71.0,180.0,Wichita State,1962,3,70.0,,14.6,3.1,,,,,45.2,,83.8,,,
Robert Van Eman,School: Arkansas,,,,1972,1,8.0,,0.4,0.5,,,,,,,42.9,,,
Nick Van Exel,Guard,73.0,170.0,Cincinnati,1993,2,65.0,29.0,15.2,2.5,3.6,1.5,0.1,2.0,40.9,35.8,70.1,49.7,,
Gary Van Galder,6-1 (185cm) ,,,,1957,1,22.0,,2.2,1.3,,,,,47.4,,54.2,,,
Greg Van Grouw,Center,81.0,206.0,Idaho State,1986,1,14.0,7.5,1.3,1.4,0.1,0.1,0.1,0.6,36.8,,30.8,,,
_ Van Hettinga,School: Iona,,,,1975,1,,,,,,,,,,,,,,
Leon Van Hook,Forward,,,,1982,2,23.0,8.7,3.0,2.4,0.3,0.3,0.3,0.6,40.0,,66.7,,,
Ronnie Van Hook,Guard,,,,2000,3,77.0,,6.9,1.6,0.8,0.7,0.0,,39.4,32.9,69.3,44.5,,
Sam Van Hook,6-5 (196cm) ,,,,1957,1,5.0,,1.0,1.2,,,,,25.0,,50.0,,,
Jon Van Hoose,Guard,76.0,193.0,Evansville,2008,1,3.0,,0.0,0.3,0.0,0.0,0.0,0.0,0.0,0.0,,0.0,,-0.1
Mel Van Hooser,School: Austin Peay,,,,1967,3,61.0,,6.7,3.3,,,,,36.4,,68.9,,,
Billy Van Horn,Guard,,,,1977,2,25.0,0.3,0.5,0.7,0.5,,0.3,,27.8,,30.0,,,
Dave Van Horn,Forward,75.0,190.0,West Chester,1969,1,18.0,,7.5,4.7,,,,,52.6,,66.0,,,
Keith Van Horn,Forward,82.0,220.0,Utah,1994,1,122.0,7.3,20.8,8.8,1.2,1.0,2.3,2.1,52.2,40.1,85.1,58.3,,
Alphons van Ierland,Center,,,,2000,3,58.0,,3.2,2.4,0.4,0.1,0.3,,49.4,0.0,42.6,49.4,,1.4
Kenneth van Kempen,Forward,82.0,208.0,Ohio,2009,3,134.0,27.8,3.9,3.6,0.5,0.3,0.3,1.1,43.0,28.0,63.6,43.7,,3.4
Bob Van Keuren,Forward,,,,1962,1,1.0,,,,,,,,,,,,,
Kenny Van Kirk,Center,,,,1998,3,83.0,,3.7,2.2,0.4,0.4,0.5,,44.7,0.0,74.8,44.7,,2.8
John Van Kurin,Guard,75.0,190.0,Dartmouth,1971,2,21.0,,,,,,,,,,,,,
Ray Van Landuyt,Forward,75.0,190.0,Marquette,1951,1,7.0,,1.1,0.7,,,,,50.0,,,,,
Dick Van Leeuwen,Guard,74.0,188.0,Wagner,1968,1,28.0,,1.9,0.9,,,,,28.6,,72.2,,,
Marv Van Leeuwen,Forward,77.0,196.0,Cornell,1965,2,44.0,,6.6,6.5,,,,,40.5,,81.9,,,
Rich Van Leeuwen,Guard,74.0,188.0,Wagner,1969,1,25.0,,6.0,2.7,,,,,43.9,,60.9,,,
Clay Van Loozen,Guard,72.0,183.0,Texas Tech,1969,1,15.0,,11.0,1.8,,,,,40.8,,56.1,,,
Paul Van Maren,Center,83.0,211.0,Utah,1987,1,29.0,11.8,2.8,2.8,0.3,0.1,0.4,0.9,45.3,,67.6,45.3,,
James Van Ness,Center,82.0,208.0,Portland,1986,3,71.0,20.6,3.3,3.8,0.5,0.2,0.6,1.1,48.1,,35.3,,,
Ken Van Ness,Forward,80.0,203.0,Florida,1972,1,17.0,,1.9,1.3,0.2,,,,44.8,,58.3,,,
Andrew Van Nest,Forward,82.0,247.0,  Schools: Harvard and Boston College,2012,3,64.0,10.9,2.7,1.5,0.3,0.2,0.1,0.6,38.1,28.1,80.0,45.9,9.4,0.9
Pete Van Noord,School: Fresno State,,,,1985,1,3.0,2.3,,,,0.0,0.0,0.0,,,,,,
Jason Van Nort,Forward,81.0,206.0,Gonzaga,1983,3,98.0,22.4,7.5,4.1,,0.5,0.4,1.5,50.3,,64.7,,,
Bob Van Noy,Forward,81.0,206.0,Florida,1980,2,52.0,0.6,7.9,4.0,1.0,1.0,0.6,2.7,47.7,,65.5,,,
_ Van Noy,School: Utah State,,,,1948,1,,,,,,,,,,,,,,
Jared Van Orden,Forward,78.0,198.0,Eastern Michigan,1999,1,19.0,,4.2,1.7,0.8,0.5,0.1,,31.8,29.2,83.3,44.1,,0.2
Dave Van Osten,5-11 (180cm) ,,,,1956,1,2.0,,,,,,,,,,,,,
Kevin Van Osten,Guard,72.0,183.0,St. Joseph's,1982,3,31.0,4.7,1.1,,,0.3,0.0,,,,70.4,,,
Joe Van Oudenhove,Forward,74.0,188.0,Rhode Island,1968,1,17.0,,3.6,2.9,,,,,43.8,,50.0,,,
Peter Van Paassen,Center,83.0,211.0,St. Bonaventure,2000,3,111.0,,8.8,5.5,0.7,0.5,0.4,,50.5,0.0,67.6,50.5,,9.6
Riley Van Patten,Forward,74.0,188.0,Northern Arizona,2007,3,79.0,,1.1,0.7,0.7,0.3,0.1,,40.3,43.8,70.0,50.7,,0.7
Tink Van Patton,6-8 (203cm) ,,,,1958,2,58.0,,5.4,9.0,,,,,38.8,,56.8,,,
Ryan Van Pelt,Forward,82.0,220.0,Weber State,2015,1,2.0,3.0,0.0,0.0,0.5,0.5,0.0,0.5,,,,,1.2,0.0
Richard Van Poelgeest,Forward,81.0,206.0,Nebraska,1990,1,28.0,20.8,7.1,4.8,1.2,0.3,0.2,2.0,49.7,,58.5,49.7,,
Richard van Poelgeest,Center,81.0,206.0,Nebraska,1989,3,80.0,14.4,5.3,3.3,0.5,0.4,0.1,1.3,54.5,,52.7,54.5,,
Bob Van Poppel,Center,,,,1966,3,59.0,,5.4,4.3,,,,,41.8,,60.9,,,
Danny Van Rheen,Forward,78.0,198.0,Missouri,1977,3,,,,,,,,,,,,,,
Peter Van Rij,Forward,81.0,206.0,  Schools: Fairfield and Charleston Southern,1999,3,96.0,,5.4,3.0,0.4,0.8,0.6,,52.8,0.0,57.1,52.8,,3.1
Rolf van Rijn,Center,,,,1997,3,120.0,,8.0,4.6,0.1,0.2,1.7,,58.9,0.0,56.6,58.9,,
Hsn van Rooden,School: Western Kentucky,,,,1977,1,18.0,,1.5,1.9,0.3,,,,27.8,,87.5,,,
Toby Van Ry,Forward,82.0,180.0,Colorado State,2016,1,10.0,1.9,0.3,0.2,0.0,0.1,0.0,0.1,12.5,0.0,50.0,12.5,-10.0,-0.1
Julius Van Sauers,Forward,78.0,210.0,LIU-Brooklyn,2017,2,37.0,15.0,3.0,2.8,0.6,0.4,0.2,0.9,35.8,33.3,92.7,44.4,9.3,1.2
Scott Van Schaardenburg,Center,81.0,206.0,Citadel,1992,2,40.0,17.6,3.9,2.6,0.6,0.4,0.6,1.1,40.0,,57.9,40.4,,
Michael Van Schaick,Guard,74.0,188.0,Fairfield,2006,3,115.0,,8.1,2.5,1.6,0.9,0.2,,43.6,39.8,83.5,55.6,,8.6
JIm van Scoyoc,5-10 (178cm) ,,,,1953,1,21.0,,6.5,3.2,,,,,36.0,,75.0,,,
Jim Van Scoyoc,5-10 (178cm) ,,,,1952,1,23.0,,4.7,2.7,1.4,,,,30.2,,74.0,,,
Ric Van Scoyoc,Guard,74.0,188.0,Boise State,1992,1,19.0,11.3,1.4,0.8,1.3,0.2,0.0,0.8,26.1,33.3,75.0,30.4,,
_ Van Scoyoc,School: Navy,,,,1951,1,17.0,,3.2,1.3,0.1,,,,33.3,,67.9,,,
Matt Van Scyoc,Forward-Guard,78.0,218.0,  Schools: Citadel and Indiana State,2016,3,126.0,23.2,10.6,3.6,0.8,0.3,0.3,1.1,41.5,36.7,73.8,53.3,12.9,6.3
Bill Van Senus,Center,84.0,213.0,IUPUI,2007,3,82.0,,0.5,1.0,0.1,0.1,0.3,0.2,26.7,,48.3,26.7,,0.6
Peter Van Siclen,Guard,,,,1999,2,24.0,,5.4,0.8,1.2,0.8,0.0,,46.8,45.6,76.2,60.6,,1.3
Kirk Van Slyke,Forward,82.0,228.0,  Schools: Houston and Arkansas State,2012,3,117.0,30.8,7.9,3.2,0.5,0.8,1.2,1.7,45.9,36.4,81.1,52.4,18.4,6.9
Harvey Van Stein,Forward,78.0,198.0,Central Connecticut,2001,3,78.0,,2.8,2.6,0.7,0.4,0.4,,41.3,19.0,67.0,42.4,,2.5
Jared Van Tassel,School: Colorado State,,,,2008,1,7.0,,0.6,0.3,0.1,0.0,0.0,0.0,50.0,0.0,,50.0,,0.0
Jasper van Teeseling,Center,83.0,211.0,La Salle,1996,3,103.0,,3.9,3.1,0.5,0.4,0.2,,51.6,0.0,50.5,51.6,,
Brad Van Timmeren,Center-Forward,79.0,201.0,Western Michigan,1999,3,111.0,,3.8,4.9,0.4,0.6,0.2,,48.6,20.0,54.0,48.7,,2.9
Pieter van Tongeren,Center,82.0,255.0,Evansville,2010,3,122.0,14.9,4.9,2.9,0.2,0.2,0.3,0.9,55.2,,56.5,55.2,,4.5
Stephan Van Treese,Forward,81.0,245.0,Louisville,2012,3,126.0,13.6,2.2,3.7,0.4,0.6,0.4,0.5,65.7,50.0,50.0,66.0,15.3,7.2
John Van Uden,Forward,79.0,201.0,Boise State,1981,1,14.0,,2.2,1.6,0.5,0.1,0.1,,65.0,,45.5,,,
Michael van Veen,Guard,,,,1998,3,70.0,,5.0,2.2,1.0,0.6,0.0,,35.6,29.6,56.2,44.1,,0.5
Marco Van Velsen,Forward,82.0,208.0,Temple,1995,3,36.0,,0.2,0.2,0.0,0.0,0.1,,15.8,,,15.8,,
Al Van Velzen,Forward,76.0,193.0,San Diego State,1970,1,12.0,,0.9,1.0,,,,,28.6,,42.9,,,
Ronald van Velzen,Center,,,,1998,2,39.0,,1.3,1.4,0.2,0.1,0.0,,38.2,0.0,43.8,38.2,,0.1
Andy Van Vliet,Forward,83.0,203.0,Wisconsin,2017,1,13.0,3.7,1.4,1.5,0.2,0.0,0.2,0.2,35.3,37.5,75.0,44.1,20.4,0.2
Eric Van Vliet,Center,83.0,211.0,Montana,2006,1,5.0,,2.6,1.6,0.4,0.2,0.2,,83.3,,75.0,83.3,,0.2
George Van Vliet,6-2 (188cm) ,,,,1959,1,2.0,,1.0,1.0,,,,,25.0,,,,,
John Van Vliet,Forward,79.0,201.0,Tulsa,1970,1,25.0,,7.1,6.4,,,,,46.3,,50.0,,,
Bob Van Vooren,6-0 (183cm) ,,,,1955,3,74.0,,7.3,3.2,,,,,34.8,,68.9,,,
Dave Van Wagenen,6-5 (196cm) ,,,,1959,1,20.0,,2.5,2.1,,,,,20.0,,77.1,,,
Damond Van Weedhuizen,Guard,72.0,183.0,East Carolina,1996,2,53.0,,1.2,1.0,1.5,0.4,0.0,,29.0,27.8,48.4,37.1,,
Aric Van Weelden,Guard,75.0,190.0,Loyola (IL),2009,3,87.0,21.0,2.3,1.9,1.1,0.4,0.1,0.9,38.9,29.8,63.9,46.9,,1.8
To Van Weelden,Guard,74.0,188.0,Pepperdine,1975,1,8.0,,1.1,0.4,0.1,,,0.5,44.4,,100.0,,,
Derek Van Weerdhuizen,Guard,76.0,193.0,High Point,2001,2,52.0,,8.9,4.6,2.6,2.0,0.4,,37.6,29.6,57.0,44.1,,1.3
Dustin Van Weerdhuizen,Forward,78.0,198.0,  Schools: Boise State and High Point,2002,3,105.0,,11.4,4.7,2.1,1.4,0.3,,39.1,30.6,76.7,46.8,,5.6
Kevin Van Wijk,Forward,80.0,230.0,Valparaiso,2013,3,99.0,19.8,10.4,4.3,0.6,0.6,0.6,1.9,60.8,0.0,68.7,60.8,23.9,9.1
Allen Van Winkle,School: LIU-Brooklyn,,,,1950,1,,,,,,,,,,,,,,
Harm van Woerkom,Forward,78.0,198.0,Iona,1996,3,60.0,,0.6,0.4,0.1,0.1,0.0,,38.7,28.6,40.0,45.2,,
Bob Van Zealand,School: Creighton,,,,1957,1,21.0,,7.4,5.0,,,,,38.8,,66.1,,,
Bob Van Zeeland,Center,76.0,193.0,Creighton,1961,3,66.0,,7.2,5.4,,,,,39.9,,67.6,,,
Joey van Zegeren,Forward,82.0,235.0,  Schools: Virginia Tech and Northwestern,2014,3,104.0,11.4,5.0,3.8,0.2,0.3,0.8,0.9,54.5,0.0,39.5,54.5,14.8,3.0
John Vana,Guard,72.0,183.0,Northwestern,1997,1,7.0,2.7,1.3,0.4,0.3,0.3,0.0,0.6,60.0,0.0,75.0,60.0,,0.1
Matt VanAbbema,Center,85.0,216.0,Western Michigan,1994,3,103.0,,6.9,4.8,,0.3,1.4,,48.2,,,,,
Nate VanArendonk,Center,81.0,230.0,Central Michigan,2011,1,3.0,4.0,0.0,0.7,0.0,0.0,0.0,0.7,,,,,-9.0,0.0
Rob Vanatta,Guard,75.0,190.0,Missouri,1967,3,52.0,,4.9,1.5,,,,,26.4,,,,,
Wes VanBeck,Guard,74.0,180.0,Houston,2017,3,69.0,14.6,5.2,1.9,1.0,0.3,0.1,0.8,44.6,46.6,83.9,58.8,16.0,4.0
Coyte Vance,Forward,72.0,183.0,Mississippi State,1952,3,57.0,,14.4,,,,,,,,60.2,,,
Damon Vance,Center,82.0,208.0,New Orleans,1987,1,26.0,11.7,2.8,2.3,0.2,0.3,0.4,0.7,39.2,,57.1,39.2,,
Damon Vance,School: LSU,,,,1985,2,,7.8,,,,0.2,0.4,0.4,,,,,,
Dave Vance,Forward,78.0,198.0,Eastern Illinois,1988,3,112.0,23.7,5.1,3.1,1.7,0.3,0.0,1.6,44.9,,74.5,,,
Deak Vance,Forward,79.0,201.0,Nebraska,1986,1,6.0,4.3,2.5,1.0,0.2,0.2,0.0,0.3,42.9,,42.9,,,
Dreshawn Vance,Forward,80.0,203.0,  Schools: Portland and Cal Poly,2007,3,116.0,,5.8,4.4,0.4,0.6,1.0,0.7,53.9,25.0,50.0,54.0,,6.6
Marquis Vance,Forward,79.0,225.0,Alcorn State,2016,3,124.0,29.5,10.5,6.5,1.7,0.6,0.6,1.9,37.8,30.8,60.8,42.5,14.5,6.7
Phil Vance,Guard,70.0,178.0,Mississippi State,1966,2,17.0,,0.6,0.3,,,,,41.7,,,,,
Quincy Vance,Forward,79.0,201.0,Middle Tennessee,1991,3,115.0,27.2,8.1,5.8,0.9,0.5,0.4,1.9,56.9,,63.6,56.9,,
Robert Buddy Vance,Center,78.0,198.0,Kansas,1964,3,41.0,,2.5,2.4,,,,,41.1,,46.9,,,
Ruben Vance,Guard,74.0,188.0,Kent State,1972,2,48.0,,20.1,4.5,,,,,44.8,,75.1,,,
Sal Vance,Forward,80.0,203.0,  Schools: Oregon State and Cal State Northridge,2005,2,30.0,,2.0,1.4,0.1,0.0,0.1,,46.2,,39.4,46.2,,0.2
Tony Vance,Guard,72.0,183.0,Morehead State,1985,2,32.0,11.2,2.0,0.9,0.6,0.3,0.0,0.6,40.6,,68.8,,,
Tre Vance,Forward,81.0,220.0,Oral Roberts,2016,1,10.0,4.1,0.8,0.5,0.2,0.0,0.4,0.1,28.6,,57.1,28.6,7.3,0.0
Zane Vance,Forward,77.0,196.0,Robert Morris,1989,1,3.0,4.3,,0.7,,0.0,0.0,0.3,,,,,,
Carl VanCleave,Guard,75.0,190.0,Iowa State,1954,3,59.0,,8.9,,,,,,33.8,,54.9,,,
Michael Vandahl,Guard,71.0,180.0,Denver,2009,1,2.0,,0.0,0.0,1.0,0.0,0.0,0.0,,,,,,0.0
Dave Vandal,Guard,74.0,200.0,UConn,2013,1,2.0,1.0,0.0,0.0,0.0,0.0,0.0,0.0,,,,,0.0,0.0
Bart Vande Mark,Guard,,,,1961,3,27.0,,0.9,1.5,,,,,22.9,,50.0,,,
Jason Vandebrake,Guard,77.0,196.0,Drake,2001,2,8.0,,0.2,0.2,0.0,0.0,0.0,,0.0,0.0,100.0,0.0,,0.0
John Vandecaveye,Guard,74.0,188.0,Toledo,1988,3,82.0,17.3,2.6,0.8,0.9,0.3,0.0,,33.5,,80.3,,,
Seth VanDeest,Center,83.0,269.0,Drake,2013,3,125.0,22.4,7.9,4.6,1.1,0.4,0.9,1.2,53.1,25.0,69.6,53.5,18.3,9.1
Mike VandeGarde,Forward,80.0,203.0,Illinois State,1993,3,112.0,19.0,10.9,4.7,2.0,1.1,1.2,2.4,49.3,29.8,66.4,51.0,,
Mike Vandello,Forward,79.0,201.0,Illinois State,2008,3,67.0,,3.0,2.2,0.8,0.3,0.1,0.4,36.7,40.0,70.8,41.1,,1.2
Jeff VanDeMark,Center,80.0,203.0,Western Carolina,1994,2,47.0,,4.8,2.9,0.8,0.4,1.1,,45.9,,66.2,45.9,,
Jeff Vandemark,Forward,79.0,201.0,Lehigh,1980,3,65.0,,11.0,4.8,,,,2.1,46.8,,77.0,,,
Paul Vandemark,Forward,77.0,196.0,Drexel,1969,3,56.0,,6.6,4.5,,,,,51.0,,62.6,,,
Chris Vandenberg,Center,82.0,208.0,Cornell,2003,2,15.0,,2.2,2.3,0.3,0.3,0.9,,38.7,33.3,61.5,40.3,,0.2
Jordan Vandenberg,Center,85.0,264.0,North Carolina State,2012,3,108.0,12.2,2.2,2.5,0.4,0.2,0.9,0.4,61.1,0.0,50.0,61.1,13.3,3.4
Steve Vandenberg,Forward,79.0,201.0,Duke,1969,3,76.0,,8.4,6.1,,,,,54.0,,74.8,,,
Brett VandenBergh,Forward,77.0,225.0,North Dakota State,2013,1,32.0,15.8,1.8,1.5,0.8,0.3,0.2,0.5,40.0,43.2,37.5,56.0,7.5,1.2
Roland VanDenBergh,Center,81.0,206.0,Charlotte,1980,3,107.0,14.2,3.6,3.3,0.5,0.4,0.3,,47.4,,56.4,,,
Bill Vandenburgh,6-4 (193cm) ,,,,1949,2,,,,,,,,,,,,,,
Kevin Vandenbussche,Guard,76.0,193.0,Michigan State,1977,2,,,,,,,,,,,,,,
Paul VanDenEinde,Center,84.0,213.0,Minnesota,1985,2,35.0,5.4,1.0,0.6,0.1,0.0,0.1,0.1,51.7,,,,,
Gene Vandenlangenberg,School: Centenary (LA),,,,1987,2,57.0,32.7,15.4,2.9,4.6,1.9,0.0,2.6,45.1,,75.0,,,
Alex Vander Baan,Forward,81.0,206.0,Holy Cross,2008,3,111.0,26.5,6.4,4.8,1.4,0.8,0.4,1.5,41.0,36.0,69.1,46.0,,7.5
Nick Vander Laan,Center,82.0,208.0,  Schools: University of California and Virginia,2003,3,93.0,,6.7,5.5,0.7,0.4,0.6,,47.1,,58.7,47.1,,4.1
Dave Vander Meulen,Guard,,,,1961,3,44.0,,,3.6,,,,,,,,,,
Dean Vander Plas,Forward,77.0,196.0,Green Bay,1990,3,115.0,26.4,9.1,2.9,1.9,1.0,0.1,1.7,53.6,41.9,79.8,54.5,,
Joel Vander Pol,Center,82.0,230.0,Liberty,2013,3,118.0,13.9,4.0,3.5,0.2,0.2,0.6,0.9,53.1,,62.0,53.1,14.1,3.9
Logan Vander Velden,Forward,80.0,215.0,Green Bay,1993,3,112.0,13.7,7.3,3.3,0.7,0.4,0.3,0.3,50.2,,78.9,53.8,,
Doug Vander Wal,Center,81.0,206.0,George Washington,1983,3,55.0,5.3,1.5,1.3,,0.0,0.1,0.3,44.0,,53.8,,,
Paul Vander Wiere,Forward,76.0,193.0,Western Michigan,1969,2,43.0,,4.0,3.1,,,,,37.2,,65.9,,,
Jamie Vanderbeken,Forward,83.0,240.0,Iowa State,2011,3,70.0,24.7,7.6,4.0,0.8,0.3,1.1,0.8,46.4,42.4,67.1,59.8,,5.6
K. Vanderbilt,School: Prairie View,,,,1980,1,,,,,,,,,,,,,,
Kevin Vanderbilt,Guard,74.0,188.0,Prairie View,1982,2,27.0,,2.6,0.7,,,,,32.9,,,,,
Bob Vandergriend,Center,80.0,203.0,Davidson,1974,1,2.0,,5.0,4.5,,,,,57.1,,66.7,,,
Bob VanderGriend,Center,81.0,206.0,Davidson,1972,1,7.0,,1.4,1.9,,,,,25.0,,57.1,,,
Marcus Vanderheide,Forward,78.0,198.0,Canisius,2005,1,29.0,,2.2,1.8,0.4,0.3,0.0,,42.6,20.0,50.0,43.4,,0.1
Jerry Vanderheydt,Forward,82.0,208.0,Creighton,1993,3,89.0,13.3,8.3,,,0.5,0.5,1.0,46.4,,,,,
Clark Vanderhoof,School: Colorado State,,,,1954,1,,,,,,,,,,,,,,
Curt Vanderhorst,Guard,73.0,185.0,East Carolina,1985,3,108.0,25.9,11.1,3.7,2.1,1.4,0.2,2.0,48.5,,71.1,,,
Omar Vanderhorst,Guard,73.0,185.0,  Schools: American and South Carolina State,2000,2,37.0,,7.4,3.4,2.3,0.6,0.1,,36.8,26.3,60.8,39.6,,0.8
Willie Vanderhorst,School: Maryland-Eastern Shore,,,,1974,1,2.0,,4.0,1.0,,,,,25.0,,100.0,,,
Pete Vanderhyden,Guard,72.0,183.0,Marquette,1963,2,,,,,,,,,,,,,,
Mark VanderJagt,Forward,78.0,198.0,Michigan State,1965,3,,,,,,,,,,,,,,
Leo VanderKuy,Center,77.0,196.0,Michigan,1951,3,65.0,,11.4,,,,,,,,58.1,,,
Jeff VanderLende,Forward,79.0,201.0,Michigan State,1971,1,16.0,,3.2,2.9,,,,,36.0,,68.2,,,
Jeff Vandermark,Forward,78.0,198.0,Lehigh,1979,1,26.0,,15.0,7.1,1.5,,,2.4,47.7,,76.6,,,
Scott Vandermeer,Center,84.0,213.0,  Schools: Bowling Green State and UIC,2008,3,125.0,,6.8,6.0,0.8,0.6,2.8,1.1,42.3,0.0,64.5,42.3,,9.0
Bob VanDerpool,Center,80.0,203.0,Purdue,1953,2,10.0,,,,,,,,,,,,,
Nate VanderSluis,Center,83.0,211.0,Miami (OH),2005,3,87.0,,2.5,2.2,0.3,0.2,0.5,,53.5,53.3,70.9,56.1,,3.5
Logan Vandervelden,Forward,,,,1992,2,54.0,,4.0,2.3,0.3,0.3,0.3,,54.5,,63.0,54.5,,
Dan Vandervieren,Center,82.0,208.0,  Schools: Purdue and Colorado State,2009,2,35.0,,3.9,2.6,0.3,0.3,0.6,1.7,51.9,,63.0,51.9,,1.2
Eddie Vanderwerff,School: Florida State,,,,2009,1,1.0,,0.0,0.0,0.0,0.0,0.0,0.0,0.0,,,0.0,,0.0
Paul VanderWiere,Forward,76.0,193.0,Western Michigan,1968,1,18.0,,3.8,2.4,,,,,49.1,,51.6,,,
Bob Vanderwilt,Guard,73.0,185.0,Iowa State,1965,3,57.0,,5.8,2.0,,,,,40.5,,69.3,,,
Bill VanderWoude,Forward,77.0,196.0,Western Michigan,1971,4,58.0,,8.7,,,,,,41.6,,65.9,,,
Jacques Vandescure,Forward,,,,1999,1,29.0,,7.5,3.8,1.0,0.8,0.3,,48.7,0.0,56.4,48.7,,1.8
Kirk VanDeusen,Center,83.0,211.0,UCF,1993,1,19.0,,1.5,1.1,0.4,0.1,0.1,,32.3,0.0,66.7,32.3,,
Warren Vandeven,Forward,79.0,201.0,Northern Iowa,1996,3,76.0,,1.8,2.4,0.3,0.3,0.2,,36.8,0.0,54.0,36.8,,
Heath Vandevender,Forward,79.0,201.0,Campbell,1990,3,81.0,10.6,3.2,1.2,0.3,0.2,0.1,0.9,44.1,29.4,70.5,45.4,,
Brendan VanDeventer,Forward,80.0,203.0,New Hampshire,1979,2,50.0,,13.6,6.5,,,,3.2,53.4,,79.6,,,
Brendan Vandeventer,Forward,78.0,198.0,New Hampshire,1977,1,18.0,,2.6,1.9,,,,,41.2,,73.1,,,
Peter VanDeventer,Forward,77.0,196.0,Colgate,1984,1,27.0,,5.1,4.1,1.1,,,,36.3,,62.5,,,
Gary Vandeweghe,Guard,76.0,193.0,Dartmouth,1960,3,76.0,,10.6,6.4,,,,,42.1,,67.1,,,
Kiki Vandeweghe,Forward,80.0,220.0,UCLA,1980,4,113.0,1.0,12.2,5.0,1.5,0.5,2.0,1.3,57.0,,77.6,,,
Chris VanDinten,Center,80.0,203.0,Monmouth,1986,1,22.0,,4.9,3.6,1.4,0.6,0.4,,49.4,,80.0,,,
Chris VanDintin,School: Monmouth,,,,1987,1,6.0,18.7,4.7,2.5,0.3,0.3,0.2,1.3,43.5,,40.0,,,
Corey Vandiver,Guard,75.0,190.0,Brown,1999,3,100.0,,4.5,2.3,2.3,0.6,0.0,,39.1,17.5,56.7,39.9,,0.0
Shaun Vandiver,Center,82.0,208.0,Colorado,1991,3,91.0,34.6,20.6,10.6,2.0,0.5,1.0,2.5,57.4,27.0,73.3,57.8,,
Steve Vandiver,Forward,,,,1988,2,38.0,,6.1,3.4,1.6,0.8,0.2,,44.8,,79.0,,,
Darnell Vandivort,Guard,73.0,150.0,UTEP,2014,1,3.0,1.0,0.0,0.0,0.0,0.0,0.0,0.0,,,,,0.0,0.0
Parker Vandivort,Guard,74.0,188.0,UTEP,2001,3,22.0,2.1,0.6,0.2,0.1,0.1,0.0,0.1,25.0,25.0,55.6,33.3,,0.0
Korey VanDussen,Guard,73.0,175.0,North Carolina-Greensboro,2012,3,113.0,22.7,6.5,2.3,1.9,1.1,0.1,1.7,41.8,34.5,76.7,47.9,11.7,3.2
Mike Vandy,Forward,79.0,201.0,Campbell,1983,3,69.0,,4.3,2.0,,,,,40.5,,75.9,,,
Greg Vanek,Forward,78.0,198.0,Michigan State,1985,1,10.0,1.3,0.3,0.2,,0.1,0.0,0.2,100.0,,100.0,,,
Steve Vanek,Center,81.0,206.0,Montana,1986,3,85.0,23.7,6.4,3.9,0.4,0.3,0.6,1.4,62.7,,65.8,,,
Tom Vanek,Guard,72.0,183.0,South Alabama,1995,2,13.0,,0.2,0.2,0.0,0.1,0.0,,0.0,0.0,50.0,0.0,,
Dave Vanerjagt,Center,84.0,213.0,Montana,2008,2,18.0,,1.0,1.3,0.1,0.2,0.3,0.3,60.0,0.0,0.0,60.0,,0.2
Tucker Vang,Guard,74.0,180.0,Kansas,2017,1,10.0,1.7,0.0,0.1,0.1,0.0,0.0,0.1,0.0,,,0.0,-4.7,0.0
Anthony Vanhook,Forward,76.0,210.0,Charlotte,2017,2,56.0,24.3,8.2,5.1,2.8,1.0,0.4,1.5,47.9,33.3,70.7,48.1,17.1,3.6
J.R. Vanhoose,Center,82.0,208.0,Marshall,2001,3,113.0,,16.0,9.6,1.4,0.9,0.7,,56.0,42.9,74.9,56.2,,16.8
Trent VanHorn,Guard,75.0,210.0,Wake Forest,2016,3,49.0,6.5,0.9,0.5,0.3,0.2,0.0,0.3,32.5,,76.0,33.8,3.5,0.0
Dennis Vanidestine,Forward,,,,1964,2,39.0,,7.0,3.2,,,,,34.5,,69.3,,,
_ Vanidestine,School: Maine,,,,1962,1,,,,,,,,,,,,,,
Tim Vanitvelt,Guard,77.0,196.0,USC,1993,2,33.0,5.9,1.5,0.8,0.2,0.2,0.0,0.5,27.3,23.3,92.9,33.6,,
Mike VanKirk,Center,85.0,240.0,San Jose State,2014,2,20.0,3.3,0.6,0.7,0.0,0.2,0.1,0.2,44.4,,57.1,44.4,10.6,0.1
Matt Vankoski,Forward,,,,1996,2,10.0,,0.2,0.3,0.0,0.0,0.0,,,,,,,
Curtis Vanlandingham,Forward,79.0,201.0,Boston University,1978,2,48.0,,11.0,6.3,0.9,1.2,,2.2,46.6,,59.2,,,
_ Vanlandingham,School: Boston University,,,,1977,1,26.0,25.2,10.8,6.8,0.7,,,2.2,45.4,,59.5,,,
Marv VanLeeawen,Forward,77.0,196.0,Cornell,1964,1,25.0,,9.4,7.0,,,,,36.1,,77.3,,,
Cedric Vanleer,Guard,74.0,188.0,Miami (OH),1991,3,106.0,,4.5,1.7,1.5,0.9,0.1,,40.6,34.9,68.1,44.1,,
Cullen VanLeer,Guard,76.0,195.0,Missouri,2017,2,63.0,20.5,4.8,1.5,1.1,0.5,0.1,0.6,34.6,30.6,78.1,47.0,7.9,1.6
Bruce Vanley,Center,82.0,208.0,Tulsa,1983,3,116.0,20.8,9.3,4.7,0.5,0.6,0.8,1.7,58.0,,63.1,,,
Will Vanley,Guard,74.0,188.0,UTEP,1977,2,46.0,,4.1,1.6,,,,,39.0,,69.0,,,
Norman Vanlier,Guard,73.0,185.0,Saint Francis (PA),1969,3,75.0,,18.8,10.3,,,,,41.1,,73.6,,,
Terrance Vanlier,Guard,77.0,196.0,Alabama A&M,2000,1,25.0,,17.8,6.6,1.4,1.4,0.6,,39.8,34.5,77.0,47.4,,3.6
B Vanmoerkerke,School: Pepperdine,,,,1977,1,3.0,,0.7,,,,,0.0,33.3,,,,,
Bryatt Vann,Forward,76.0,193.0,Oklahoma,1993,2,58.0,23.2,11.6,4.9,1.3,1.4,0.2,1.6,46.5,34.0,70.9,53.0,,
Carey Vann,Guard,74.0,188.0,Texas Christian,1972,1,12.0,,3.3,1.4,,,,,50.0,,66.7,,,
Chris Vann,Guard,73.0,185.0,Mount St. Mary's,2007,3,99.0,,10.3,2.4,1.1,0.7,0.0,1.3,40.4,35.4,80.1,49.8,,5.2
Dave Vann,6-3 (190cm) ,,,,1956,1,11.0,,4.1,5.0,,,,,36.0,,64.3,,,
David Vann,Guard,,,,1981,3,109.0,34.0,15.9,3.1,2.5,0.8,0.2,2.6,48.9,,79.3,,,
Issac Vann,Forward,78.0,190.0,  Schools: Maine and VCU,2017,2,18.0,0.0,15.5,5.5,1.6,0.0,0.0,0.0,45.7,41.2,78.0,51.0,,1.5
Kayode Vann,Guard,73.0,185.0,Georgetown,1991,3,14.0,3.0,,0.3,,0.0,0.4,0.7,,,,,,
Ples Vann,Center,76.0,193.0,UTEP,1970,2,50.0,,8.6,6.5,,,,,53.1,,69.4,,,
Kevin Vannatta,Guard,75.0,188.0,North Carolina-Asheville,2017,3,96.0,30.9,9.5,4.1,2.8,1.2,0.1,1.6,47.3,35.5,74.6,54.9,15.2,10.0
Nick Vanos,Center,85.0,255.0,Santa Clara,1984,3,113.0,24.7,12.4,7.8,,0.5,1.4,1.9,51.0,,59.8,,,
Vernon Vanoy,Center,80.0,203.0,Kansas,1968,2,53.0,,6.1,4.9,,,,,40.2,,62.4,,,
Brad VanPelt,Forward,,,,1973,3,31.0,,3.4,2.3,,,,,62.1,,,,,
Scott VanSchaardenburg,Center,81.0,206.0,Citadel,1993,1,27.0,,7.7,4.2,0.9,0.7,0.6,,54.8,,52.6,54.8,,
Scott Vanschaardenburg,Center,81.0,206.0,Citadel,1991,1,27.0,24.8,7.1,5.1,0.9,0.4,1.3,1.9,43.5,,55.0,43.5,,
Derek VanSolkema,Guard,73.0,185.0,Eastern Michigan,2006,3,28.0,,2.4,0.6,0.9,0.4,0.0,,41.3,38.2,75.0,55.4,,0.6
Andre Vanterpool,Forward,78.0,198.0,Stony Brook,2007,2,30.0,,3.7,2.2,0.2,0.2,0.2,,53.1,16.7,71.9,53.7,,1.3
David Vanterpool,Guard,77.0,200.0,St. Bonaventure,1994,3,112.0,32.4,13.2,5.6,3.6,2.2,0.3,3.3,42.8,32.5,73.0,47.6,,
Pete Vantine,6-0 (183cm) ,,,,1963,1,12.0,,2.2,0.6,,,,,35.7,,54.5,,,
_ Vantine,6-0 (183cm) ,,,,1964,1,21.0,,2.1,1.7,,,,,35.6,,66.7,,,
Mike Vantrimpont,Center,84.0,220.0,Long Beach State,2012,3,22.0,1.9,0.2,0.4,0.0,0.0,0.1,0.1,33.3,,50.0,33.3,4.7,0.0
Jari Vanttaja,Forward,82.0,208.0,Baylor,2007,1,10.0,,0.9,1.0,0.1,0.1,0.0,,14.3,7.7,57.1,17.9,,-0.2
Fred VanVleet,Guard,72.0,195.0,Wichita State,2013,1,141.0,3.3,10.2,3.3,4.5,0.1,1.5,1.5,42.6,38.6,80.5,49.1,22.8,20.9
Dale Vanwright,Forward,78.0,198.0,UTEP,2007,1,21.0,20.3,6.0,3.7,1.2,0.9,0.2,1.2,44.4,44.4,53.1,54.5,,1.3
Shawn Vanzant,Guard,72.0,172.0,Butler,2010,3,138.0,21.6,4.0,2.0,1.1,0.5,0.1,0.8,39.7,34.4,71.4,47.2,,5.8
Kevin Varda,Forward,,,,1998,1,2.0,,1.5,0.0,0.0,0.0,0.0,,100.0,100.0,,150.0,,0.1
Ed Varden,5-10 (178cm) ,,,,1951,1,33.0,,6.7,1.7,2.6,,,,35.4,,71.1,,,
Sandro Varejao,Center,83.0,211.0,West Virginia,1997,2,56.0,,6.3,4.2,0.7,0.5,0.3,,51.3,0.0,51.5,51.3,,2.6
Manuel Varela,Guard,70.0,178.0,Arizona State,1959,1,3.0,,,0.3,,,,,,,,,,
Jeff Varem,Guard,78.0,198.0,Washington State,2005,2,48.0,,10.1,6.3,2.0,1.3,0.6,,48.6,27.0,66.7,50.0,,6.5
Brett Varga,Center,,,,1999,3,47.0,,1.2,1.1,0.3,0.0,0.0,,51.6,,65.8,51.6,,0.4
Chad Varga,Forward,78.0,198.0,Pitt,1997,3,63.0,,10.5,4.9,0.7,0.7,0.5,,45.9,35.3,67.2,47.5,,
Tom Varga,Guard,,,,1975,3,14.0,,1.9,,,,,,72.2,,,,,
Whitey Varga,Guard,72.0,183.0,Penn,1974,3,77.0,,3.0,1.2,,,,,47.2,,77.8,,,
Eloy Vargas,Forward,83.0,244.0,  Schools: Florida and Kentucky,2012,3,80.0,6.9,1.1,1.7,0.1,0.1,0.5,0.3,34.8,0.0,52.8,34.8,,1.3
George Vargas,Guard,77.0,196.0,UTEP,2000,1,9.0,,0.4,0.4,0.3,0.2,0.0,0.1,16.7,0.0,50.0,16.7,,-0.1
Jose Vargas,Center,82.0,208.0,LSU,1987,3,130.0,20.1,7.2,4.4,0.3,0.7,0.9,,50.4,,58.1,,,
Luke Vargo,Forward,79.0,205.0,High Point,2017,1,30.0,8.4,1.1,1.0,0.2,0.1,0.2,0.2,32.4,35.0,25.0,41.9,4.4,0.2
Bill Vari,Forward,78.0,198.0,Robert Morris,1980,3,37.0,,1.9,1.4,,,,,33.3,,,,,
Christophe Varidel,Guard,75.0,177.0,Florida Gulf Coast,2013,3,99.0,22.2,8.7,2.2,1.0,0.7,0.1,1.6,38.6,38.5,85.0,51.7,13.7,5.0
Jalen Variste,Guard,70.0,150.0,UT-Martin,2016,1,28.0,13.7,2.9,1.5,1.3,0.8,0.0,0.5,39.7,25.0,57.1,41.0,10.8,0.7
Jerry Varland,Guard,72.0,183.0,Tulane,1961,1,3.0,,1.7,0.3,,,,,66.7,,50.0,,,
_ Varland,School: Tulane,,,,1960,1,,,,,,,,,,,,,,
Clint Varley,Forward,76.0,193.0,Iowa State,2003,3,45.0,,0.6,1.5,0.2,0.1,0.2,0.3,45.5,,27.6,45.5,,0.3
Evan Varley,Guard,76.0,193.0,Iowa State,1976,1,21.0,,2.2,1.7,,,,,26.0,,70.0,,,
Jarvis Varnado,Forward,81.0,206.0,Mississippi State,2009,3,141.0,31.7,10.0,7.8,0.6,0.5,4.0,1.6,58.9,25.0,59.5,59.0,,21.2
Jordon Varnado,Forward,78.0,215.0,Troy,2017,2,68.0,28.6,15.0,7.0,1.2,0.5,1.3,1.5,50.9,33.9,67.8,54.5,23.8,8.0
Norwood Varnado,Guard,,,,1951,2,35.0,,3.2,,,,,,,,56.3,,,
Al Varnas,6-2 (188cm) ,,,,1964,3,66.0,,13.2,6.0,,,,,44.1,,65.5,,,
Gilbert Varnelli,Forward,77.0,196.0,Texas Tech,1963,1,5.0,,0.8,0.4,,,,,40.0,,,,,
Bill Varner,Forward,78.0,198.0,Notre Dame,1982,3,106.0,22.9,7.4,3.7,1.3,0.7,0.2,,52.8,,66.7,,,
Brent Varner,Center,81.0,206.0,Northern Illinois,1990,2,24.0,,1.2,1.8,0.4,0.3,0.1,,44.8,,,,,
Cal Varner,Guard,75.0,190.0,Texas,1995,1,9.0,,1.8,0.3,0.2,0.1,0.0,,40.0,40.0,,53.3,,
Jim Varner,Guard,73.0,185.0,Ole Miss,1977,4,60.0,,2.4,0.7,,,,,36.3,,75.3,,,
Rainey Varner,Forward,,,,1996,2,16.0,5.2,0.2,0.6,0.1,0.3,0.1,0.2,25.0,,,25.0,,
Ross Varner,Forward,79.0,201.0,  Schools: Pepperdine and Saint Louis,2003,3,113.0,,2.6,2.3,0.4,0.5,0.1,,38.9,33.8,65.7,43.6,,2.3
Lesley Varner Jr.,Forward,79.0,185.0,Texas-Rio Grande Valley,2017,1,32.0,14.8,4.1,2.2,0.9,0.8,0.2,0.8,35.7,27.6,64.7,41.9,9.8,0.6
David Varoli,Guard,72.0,175.0,Niagara,2015,2,2.0,1.5,0.0,0.0,0.0,0.0,0.0,0.0,0.0,0.0,,0.0,-15.1,0.0
John Varoscak,6-5 (196cm) ,,,,1958,1,16.0,,3.6,4.4,,,,,38.9,,72.7,,,
Louis Varous,Guard,,,,1951,3,42.0,,1.4,,,,,,30.6,,,,,
Vince Vartanian,School: Long Beach State,,,,1972,1,5.0,,0.4,0.4,,,,,16.7,,,,,
Ted Vartelas,6-2 (188cm) ,,,,1953,1,11.0,,3.0,2.5,,,,,20.8,,54.2,,,
John Vas,Forward,,,,1968,2,10.0,,,1.5,,,,,,,,,,
David Vasher,Forward,76.0,193.0,North Texas,1981,3,103.0,18.0,9.7,2.8,,0.9,0.0,1.7,46.5,,64.7,,,
Marko Vasic,Forward,77.0,200.0,American,2015,3,112.0,18.6,4.3,3.1,1.4,0.5,0.1,0.9,46.9,25.9,59.8,51.1,12.9,4.9
Alexei Vasiliev,Guard,75.0,190.0,Buffalo,2000,2,56.0,,8.8,2.4,2.6,1.4,0.0,,36.6,35.6,75.0,47.6,,1.5
Chris Vasiliou,School: Boston University,,,,2005,1,7.0,,0.3,0.0,0.1,0.0,0.0,,50.0,,,50.0,,0.0
Dejan Vasiljevic,Guard,75.0,198.0,Miami (FL),2017,1,33.0,17.4,6.0,1.3,0.5,0.3,0.0,0.4,35.7,34.9,80.0,49.7,11.5,1.5
Pero Vasiljevic,Forward,,,,1998,2,32.0,,3.1,2.1,0.8,0.3,0.3,,45.7,16.7,52.4,47.3,,0.8
John Vasilopoulos,Guard,,,,1961,2,37.0,,2.6,,,,,,32.4,,70.0,,,
Bob Vasilovich,Forward,,,,1970,3,72.0,,10.7,2.4,,,,,50.0,,69.2,,,
John Vaske,Forward,75.0,190.0,Columbia,1988,2,47.0,,3.7,3.4,1.0,0.8,0.1,,49.6,,53.5,49.6,,
_ Vaske,School: Columbia,,,,1986,1,,,,,,,,,,,,,,
Marius Vaskys,Forward,81.0,206.0,North Carolina Central,2008,1,27.0,,2.9,3.4,0.7,0.3,0.5,,41.3,25.0,52.4,42.5,,
Greivis Vasquez,Guard,78.0,198.0,Maryland,2007,1,136.0,5.5,16.0,4.8,5.7,0.3,3.5,0.5,42.5,32.9,82.8,49.0,,17.4
Marcus Vasquez,Guard,73.0,200.0,Western Kentucky,2013,1,14.0,3.5,0.7,0.6,0.0,0.0,0.0,0.1,50.0,66.7,50.0,75.0,7.6,0.1
Mike Vasquez,Guard,74.0,188.0,SMU,2001,1,4.0,,0.5,0.5,0.2,0.0,0.0,,50.0,,0.0,50.0,,0.0
Richard Vasquez,Guard,72.0,183.0,Florida,1969,2,39.0,,2.1,1.3,,,,,43.5,,46.0,,,
Tom Vasquez,Center,,,,1966,1,12.0,,4.2,4.2,,,,,40.0,,55.6,,,
Tony Vasquez,School: UTEP,,,,1970,1,6.0,,0.3,0.3,,,,,50.0,,,,,
A.D. Vassallo,Guard,78.0,198.0,Virginia Tech,2008,3,133.0,,13.7,4.4,1.7,0.6,0.5,2.5,44.4,38.5,79.1,53.7,,15.1
Steve Vassalotti,School: San Jose State,,,,1977,1,,,,,,,,,,,,,,
Steve Vassalotti,Center,80.0,203.0,St. Joseph's,1977,3,64.0,,8.2,5.0,,0.6,,,51.4,,69.1,,,
Johnnie Vassar,Guard,72.0,185.0,Northwestern,2015,1,18.0,3.9,0.8,0.4,0.4,0.1,0.0,0.4,36.8,20.0,0.0,39.5,2.3,-0.1
Marc Vassar,Guard,68.0,173.0,Youngstown State,1991,3,102.0,30.1,5.6,1.4,3.2,1.0,0.1,2.3,38.4,38.4,79.3,45.1,,
Mark Vassar,6-2 (188cm) ,,,,1955,1,1.0,,,2.0,,,,,,,,,,
Tom Vassolotti,Center,79.0,201.0,Drexel,1975,1,12.0,,0.2,1.0,,,,,0.0,,100.0,,,
Stephen Vassor,Forward,78.0,237.0,Old Dominion,2017,2,47.0,5.9,1.2,1.2,0.2,0.0,0.1,0.3,64.1,,70.0,64.1,10.5,0.8
Steve Vasturia,Guard,77.0,211.0,Notre Dame,2016,3,137.0,32.1,10.2,3.0,2.4,0.9,0.1,1.4,43.8,36.5,85.3,52.5,14.4,11.5
Louis Vasvary,6-3 (190cm) ,,,,1952,2,21.0,,2.0,5.2,,,,,28.4,,50.0,,,
Valdas Vasylius,Forward,79.0,201.0,Old Dominion,2006,3,129.0,,10.4,4.5,0.8,0.8,0.3,,48.4,31.6,68.2,51.7,,13.3
Jim Vaszauskas,Guard,76.0,193.0,Baylor,1979,2,40.0,0.1,5.2,1.4,1.4,0.4,0.1,1.9,41.5,,67.6,,,
Art Vaughan,School: Marshall,,,,1980,2,13.0,0.0,,,,0.0,0.0,0.2,,,,,,
Bernard Vaughan,School: Cornell,,,,1977,1,,,,,,,,,,,,,,
Bev Vaughan,Forward,77.0,196.0,William & Mary,1961,2,43.0,,15.6,8.2,,,,,45.4,,71.2,,,
Bobby Vaughan,Guard,74.0,188.0,Old Dominion,1981,2,51.0,,7.7,2.4,,,,,43.2,,68.5,,,
Brandon Vaughan,Guard,72.0,183.0,Idaho State,1999,1,19.0,,2.6,0.7,0.5,0.2,0.0,,38.1,35.9,66.7,54.8,,0.3
Brent Vaughan,Forward,80.0,203.0,Colorado,1989,3,111.0,16.4,4.1,2.1,0.7,0.4,0.3,0.8,44.5,37.9,76.1,47.9,,
Chip Vaughan,Forward,77.0,196.0,Georgia,1973,2,21.0,,1.6,1.0,,,,,68.8,,68.8,,,
Clive Vaughan,Guard,74.0,175.0,Morgan State,2017,3,52.0,8.8,3.0,1.0,0.2,0.2,0.0,0.5,33.5,26.8,47.8,42.2,6.9,0.2
Clyde Vaughan,Forward,76.0,193.0,Pitt,1983,3,120.0,31.2,16.8,7.7,0.8,0.5,0.2,1.3,47.4,,70.7,,,
Denny Vaughan,School: Tennessee Tech,,,,1958,1,,,,,,,,,,,,,,
John Vaughan,Guard,75.0,190.0,George Mason,2008,3,126.0,,9.8,3.7,1.6,0.8,0.2,1.9,41.5,33.5,73.1,49.5,,9.4
John Vaughan,6-4 (193cm) ,,,,1962,1,24.0,,2.6,2.4,,,,,28.1,,75.0,,,
Josh Vaughan,Guard,76.0,193.0,North Dakota State,2010,2,62.0,35.6,7.8,3.5,2.4,0.7,0.3,1.4,40.3,38.6,71.8,51.3,,4.3
Matt Vaughan,Center,80.0,203.0,Harvard,1991,1,7.0,1.6,,0.1,,0.0,0.0,0.1,,,,,,
Mike Vaughan,Forward,80.0,203.0,UConn,1983,2,30.0,5.0,1.5,1.4,,0.2,0.2,0.3,48.8,,46.2,,,
Reggie Vaughan,Guard,,,,1974,3,43.0,,3.7,2.6,,,,,37.3,,72.2,,,
Woody Vaughan,6-3 (190cm) ,,,,1964,2,30.0,,10.7,6.8,,,,,45.4,,56.8,,,
_ Vaughan,School: Richmond,,,,1961,1,7.0,,0.3,0.4,0.1,,,0.0,16.7,,,,,
Alfonso Vaughn,Guard,74.0,188.0,UConn,1973,3,71.0,,10.7,3.2,1.8,,,,42.3,,62.4,,,
Alvin Vaughn,Guard,71.0,180.0,Washington,1983,3,93.0,25.4,6.0,1.7,3.1,1.3,0.0,1.9,43.5,,71.1,,,
Artis Vaughn,Guard,72.0,183.0,Wichita State,1956,1,9.0,,0.2,0.3,,,,,25.0,,,,,
Bernard Vaughn,Guard,69.0,175.0,Cornell,1977,2,47.0,,15.6,3.4,1.7,,,,42.9,,80.5,,,
Bobby Vaughn,Guard,74.0,188.0,Old Dominion,1980,2,54.0,,9.2,2.5,,,,,49.0,,69.2,,,
Bobby Vaughn,Guard,72.0,183.0,Army,1980,1,25.0,,4.8,1.6,,,,,46.2,,64.2,,,
Brandon Vaughn,Guard,,,,1998,1,20.0,,4.2,1.0,0.8,0.4,0.0,,35.4,38.6,40.0,52.5,,0.3
Cleo Vaughn,Forward,74.0,188.0,Ohio State,1954,1,14.0,,3.6,,,,,,26.9,,45.5,,,
Danny Vaughn,School: UTEP,,,,1963,2,44.0,,6.1,6.4,,,,,38.8,,70.7,,,
Darth Vaughn,Guard,76.0,193.0,Cornell,1995,2,47.0,,2.3,1.8,0.6,0.4,0.0,,33.9,21.6,67.9,37.2,,
David Vaughn,Forward,81.0,240.0,Memphis,1994,3,92.0,30.6,14.2,9.8,0.9,0.9,2.6,2.8,48.6,33.3,,49.3,,
David Vaughn,Center,84.0,213.0,Oral Roberts,1973,1,27.0,,19.2,14.3,,,,,53.0,,67.1,,,
David Vaughn,Forward,,,,1961,3,62.0,,10.5,6.0,,,,,43.8,,82.6,,,
Deonta Vaughn,Guard,73.0,190.0,Cincinnati,2009,3,129.0,30.5,14.6,3.5,4.0,1.3,0.0,2.9,39.5,34.3,79.6,49.7,,14.1
Dimencio Vaughn,Guard,77.0,210.0,Rider,2017,1,9.0,14.2,4.8,3.9,0.1,1.0,0.1,1.7,41.0,28.6,64.3,43.6,11.3,0.1
Don Vaughn,Guard,71.0,180.0,Washington,1980,3,108.0,23.4,6.7,1.5,,1.1,0.0,2.5,46.0,,78.9,,,
Ed Vaughn,School: UTEP,,,,1953,2,50.0,,7.9,,,,,,,,84.9,,,
Elvin Vaughn,Forward,,,,1948,1,25.0,,8.7,,,,,,,,59.8,,,
Geoffrey Vaughn,Forward,78.0,198.0,Kent State,1999,3,111.0,,4.1,2.7,0.4,0.5,0.3,,60.9,0.0,60.8,60.9,,5.6
Govoner Vaughn,Forward,75.0,190.0,Illinois,1960,3,66.0,,15.2,,,,,,42.5,,77.3,,,
Henry Vaughn,5-11 (180cm) ,,,,1950,3,,,,,,,,,,,,,,
Jacque Vaughn,Guard,73.0,190.0,Kansas,1994,1,126.0,3.0,9.6,3.0,6.4,0.1,2.8,2.2,45.9,38.3,70.8,52.2,,
Jarvis Vaughn,Forward,76.0,193.0,Southern,2004,3,87.0,,5.0,2.7,0.7,0.7,0.2,,48.5,0.0,59.9,48.5,,3.8
Jay Vaughn,Forward,77.0,196.0,Maryland-Eastern Shore,2000,1,5.0,,0.0,0.2,0.4,0.0,0.0,,,,0.0,,,0.0
Jay Vaughn,Center,80.0,203.0,Utah,1972,1,22.0,,5.7,5.8,,,,,47.5,,54.7,,,
Jerry Vaughn,6-4 (193cm) ,,,,1955,1,15.0,,0.5,0.3,,,,,30.0,,25.0,,,
Julian Vaughn,Forward,81.0,250.0,  Schools: Florida State and Georgetown,2010,3,126.0,23.1,5.1,3.6,1.0,0.3,1.3,1.5,52.5,13.0,63.3,52.8,,6.3
Kwame Vaughn,Guard,75.0,195.0,  Schools: San Francisco and Cal State Fullerton,2012,3,123.0,33.2,14.4,4.2,2.8,1.2,0.2,2.9,44.6,35.4,79.4,50.8,,12.5
Lance Vaughn,Guard,69.0,175.0,Boise State,1993,3,85.0,25.2,7.2,1.4,2.8,1.3,0.0,2.2,38.7,34.7,84.2,50.5,,
Lance Vaughn,Guard,69.0,175.0,Boise State,1990,1,7.0,3.6,1.4,0.6,0.1,0.0,0.0,0.9,40.0,,75.0,40.0,,
Marlon Vaughn,Center,73.0,185.0,Cal State Fullerton,1990,3,73.0,8.3,2.0,1.2,1.2,0.6,0.0,1.1,37.8,20.0,52.1,41.2,,
Milt Vaughn,Guard,73.0,185.0,Oral Roberts,1972,1,27.0,,3.1,1.0,,,,,44.8,,43.8,,,
Milton Vaughn,Guard,73.0,185.0,Oral Roberts,1970,1,30.0,,12.2,3.3,,,,,38.3,,70.7,,,
Osandai Vaughn,Guard,76.0,195.0,Youngstown State,2015,1,28.0,20.4,6.6,3.1,0.6,0.7,0.3,0.9,42.0,42.6,75.4,49.0,14.1,1.2
Rashad Vaughn,Guard,78.0,210.0,UNLV,2015,1,23.0,32.3,17.8,4.8,1.6,0.8,0.3,2.2,43.9,38.3,69.4,52.1,20.2,2.5
Robby Vaughn,Guard,72.0,183.0,Army,1979,3,46.0,,1.1,,,,,,41.4,,62.5,,,
Robert Vaughn,Guard,71.0,180.0,Louisiana-Lafayette,2010,1,2.0,1.5,0.0,0.5,0.5,0.0,0.0,0.0,0.0,0.0,,0.0,-14.2,0.0
Tim Vaughn,School: Tennessee Tech,,,,1985,1,,,,,,,,,,,,,,
Tracy Vaughn,Center,80.0,203.0,Mercer,1988,3,105.0,8.0,2.2,1.6,0.4,0.2,0.1,0.6,41.6,,58.3,,,
Trent Vaughn,Forward,75.0,190.0,Wright State,2003,1,23.0,,5.0,3.0,0.3,0.4,0.3,,40.4,32.4,57.1,52.0,,0.7
Troy Vaughn,Forward,80.0,203.0,Northern Iowa,1992,2,58.0,21.9,5.7,3.2,0.6,0.3,0.4,1.4,45.5,,64.3,45.5,,
Vacha Vaughn,Forward,76.0,210.0,Mississippi Valley State,2016,3,122.0,15.6,3.3,3.4,0.8,0.5,0.1,0.8,43.9,26.7,64.0,45.0,10.0,2.0
_ Vaughn,School: Tennessee Tech,,,,1983,1,,,,,,,,,,,,,,
_ Vaughn,School: New Mexico State,,,,1952,1,,,,,,,,,,,,,,
Brian Vaughns,Forward,80.0,203.0,UCSB,1987,1,27.0,27.9,13.9,8.4,0.4,1.0,1.1,1.7,54.7,0.0,62.3,54.7,,
Kenny Vaughns,Guard,74.0,188.0,Arizona State,1984,2,47.0,9.5,2.0,,1.3,0.3,0.0,1.0,36.2,,68.3,,,
Kenny Vaughns,Guard,,,,1981,2,45.0,5.4,1.0,0.4,0.6,0.3,0.0,0.7,32.1,,57.9,,,
Vertrail Vaughns,Guard,74.0,184.0,  Schools: George Mason and North Texas,2012,3,138.0,18.5,6.1,1.3,0.7,0.7,0.0,1.1,40.4,37.5,77.3,48.9,13.1,6.2
David Vaught,Forward,80.0,203.0,ETSU,1986,3,97.0,27.3,5.6,3.1,1.0,0.4,0.2,2.0,48.7,,66.9,,,
Loy Vaught,Forward,81.0,230.0,Michigan,1989,3,134.0,22.0,10.8,7.4,0.7,0.5,0.6,1.3,61.7,,75.2,61.8,,
Paul Vaught,Guard,,,,1977,2,4.0,,0.0,0.0,,,,,0.0,,,,,
Randall Vautravers,Forward,78.0,185.0,Wichita State,2012,1,10.0,3.1,0.7,0.9,0.2,0.0,0.0,0.6,27.3,16.7,,31.8,-2.2,-0.1
Victor Vaval,Guard,71.0,180.0,Holy Cross,2008,3,8.0,2.1,0.5,0.2,0.0,0.1,0.0,0.5,25.0,33.3,50.0,37.5,,0.0
Michal Vavrek,Center,81.0,206.0,IUPUI,2006,2,42.0,,2.2,1.6,0.2,0.3,0.1,,39.3,30.8,52.9,44.0,,0.5
Joe Vavricka,Forward,77.0,196.0,Princeton,1974,3,58.0,,7.6,2.2,,,,,45.8,,74.5,,,
Paul Vawter,Center,80.0,203.0,Michigan,1954,1,8.0,,1.4,1.0,,,,,25.0,,100.0,,,
Ray Vawter,6-5 (196cm) ,,,,1950,1,5.0,,1.2,,,,,,33.3,,100.0,,,
Jerry Vayda,6-4 (193cm) ,,,,1956,4,92.0,,12.9,7.5,,,,,40.6,,67.0,,,
Dejuan Vazquez,Guard,76.0,193.0,Texas,1998,3,122.0,,5.9,2.6,1.6,0.9,0.5,,40.3,32.4,56.4,46.8,,6.0
Obet Vazquez,Forward,78.0,198.0,Central Connecticut,1991,1,20.0,,22.0,7.6,1.8,1.2,0.6,,50.4,36.7,62.9,53.4,,
Ray Vazquez,Guard,71.0,180.0,Sacramento State,1992,1,28.0,23.0,3.8,1.6,2.2,1.1,0.0,2.6,33.3,34.4,53.1,44.1,,
Tomas Vazquez-Simmons,Forward,79.0,220.0,Canisius,2010,3,124.0,25.0,5.3,5.6,0.7,0.4,2.2,1.1,45.3,34.1,67.0,51.1,,8.2
Jamie Veach,Forward,79.0,201.0,Southern Illinois,1997,2,48.0,15.5,2.1,3.2,0.8,0.7,0.4,1.0,47.1,50.0,57.1,47.7,,
John Veague,Guard,76.0,193.0,UIC,1989,2,50.0,10.2,2.4,1.4,0.8,0.4,0.0,0.6,35.2,32.6,65.5,41.4,,
Barry Veal,Guard,70.0,178.0,Mercer,1985,1,9.0,,1.3,0.6,0.8,,,0.8,57.1,,80.0,,,
Herman Veal,Forward,78.0,198.0,Maryland,1983,3,103.0,25.9,7.2,6.2,0.9,0.5,0.2,1.5,50.2,,75.1,,,
Inman Veal,Guard,,,,1952,1,26.0,,10.9,4.3,1.0,,,,35.2,,64.2,,,
Jeremy Veal,Guard,,,,1997,3,122.0,32.3,16.3,3.1,3.4,1.3,0.1,2.4,44.5,39.7,79.3,51.5,,
Joe Veal,Forward,81.0,206.0,Buffalo,2003,2,48.0,,2.7,2.3,0.1,0.3,0.2,,42.6,0.0,64.7,42.6,,0.8
Marlain Veal,Guard,67.0,145.0,Southeastern Louisiana,2017,2,65.0,25.4,10.8,3.0,3.7,1.5,0.1,3.1,46.7,38.7,73.5,53.2,17.4,4.9
Maurice Veal,Forward,81.0,206.0,Nicholls State,2004,1,26.0,,4.5,2.3,0.6,0.2,0.2,,42.9,24.2,58.8,46.7,,0.4
Toby Veal,Forward,80.0,235.0,  Schools: Colorado and VCU,2011,2,48.0,10.0,2.2,1.9,0.1,0.4,0.3,0.4,48.9,,41.7,48.9,,0.8
Marchello Vealy,Forward,79.0,201.0,Oral Roberts,2008,3,88.0,,5.3,4.5,0.9,0.8,0.8,1.3,45.8,29.6,56.3,49.9,,5.9
John Veargason,Center,82.0,208.0,Loyola Marymount,1989,2,58.0,11.2,3.1,3.9,0.4,0.3,0.5,1.1,51.1,,70.2,51.1,,
Bernie Veasey,Forward,78.0,198.0,San Jose State,1970,3,54.0,,9.2,5.2,,,,,48.8,,63.9,,,
Willie Veasley,Guard,75.0,190.0,Butler,2009,3,134.0,31.4,6.5,3.6,0.8,0.7,0.3,1.6,49.8,33.8,62.6,55.9,,11.5
Stan Veatch,Center,82.0,208.0,Gonzaga,1978,2,36.0,,1.5,0.9,,,,,48.6,,52.8,,,
Mark Veazey,Center,83.0,229.0,Navy,2010,3,114.0,16.0,6.0,3.9,0.3,0.3,1.0,1.1,49.8,,74.2,49.8,,7.4
Sedric Veazey,Center,81.0,206.0,Central Connecticut,1994,2,49.0,,7.2,6.2,0.3,0.6,0.9,,51.0,0.0,49.8,51.0,,
Sedric Veazey,Center,80.0,203.0,Marist,1991,1,10.0,,2.1,2.2,0.2,0.0,0.6,,46.7,,46.7,46.7,,
Luc-Arthur Vebobe,Forward,81.0,206.0,Hawaii,2002,1,6.0,,3.3,1.8,0.8,0.2,0.3,,41.2,33.3,41.7,44.1,,0.1
Ken Vecchio,Forward,81.0,206.0,Wyoming,1978,3,76.0,,6.2,4.4,,,,,42.6,,75.2,,,
Blake Vedder,Center,88.0,235.0,  Schools: Rhode Island and Kent State,2015,3,29.0,1.0,0.7,0.4,0.0,0.0,0.0,0.2,36.8,33.3,75.0,42.1,8.3,0.1
Alex Vega,Guard,73.0,185.0,St. Francis (NY),1979,2,26.0,,19.0,3.0,,,,,48.6,,67.0,,,
Alex Vega,Guard,72.0,183.0,Colgate,1977,2,31.0,,9.0,2.3,,,,,42.9,,76.2,,,
Ben Vega,Guard,70.0,178.0,Florida Gulf Coast,2009,1,12.0,,5.2,1.4,1.2,0.9,0.1,,35.1,23.8,78.3,39.5,,
Brandon Vega,Guard,70.0,160.0,Winthrop,2014,1,32.0,13.0,3.5,1.5,1.9,0.3,0.0,1.2,46.4,33.3,77.3,47.0,12.5,0.9
Christian Vega,Guard,72.0,170.0,St. Joseph's,2017,2,5.0,1.2,0.0,0.4,0.0,0.0,0.0,0.4,0.0,0.0,,0.0,-32.1,-0.1
Bob Vegeler,Forward,76.0,193.0,MIT,1968,1,23.0,,1.7,2.2,,,,,34.3,,57.1,,,
Jason Vegotsky,Guard,74.0,188.0,Bucknell,2008,3,106.0,,4.7,1.5,0.7,0.4,0.1,0.7,36.9,37.5,82.4,51.7,,4.0
Raphael Veira,Forward,77.0,200.0,Cleveland State,2014,2,24.0,1.7,0.2,0.4,0.0,0.0,0.0,0.3,14.3,0.0,50.0,14.3,-12.8,-0.3
Alex Veit,Forward,80.0,203.0,Hawaii,2008,2,27.0,,0.7,0.7,0.1,0.0,0.0,0.2,33.3,50.0,71.4,36.1,,0.0
Dennis Veith,Forward,76.0,193.0,Maryland,1967,1,7.0,,,,,,,,,,,,,
Dick Veith,School: Niagara,,,,1958,1,,,,,,,,,,,,,,
Kyle Vejraska,Forward,80.0,203.0,Campbell,2009,3,121.0,16.9,7.4,3.3,0.6,0.4,0.9,1.5,45.3,35.0,72.9,50.0,,6.4
Dave Velander,Guard,75.0,190.0,Arkansas State,1969,2,45.0,,7.8,4.2,,,,,45.2,,80.8,,,
Paul Velander,Guard,74.0,188.0,Nebraska,2008,3,91.0,,5.1,1.1,0.7,0.5,0.1,0.4,38.1,38.9,81.9,56.0,,4.4
Nate Velasco,Guard,73.0,170.0,Texas State,2014,1,7.0,2.0,0.0,0.1,0.1,0.0,0.0,0.1,,,,,-1.6,0.0
David Velasquez,School: San Diego State,,,,2007,1,3.0,,0.0,0.0,0.0,0.0,0.0,,0.0,0.0,,0.0,,-0.1
Jair Veldhuis,Center,82.0,208.0,Villanova,2002,2,11.0,,0.7,0.3,0.0,0.1,0.3,,33.3,,66.7,33.3,,0.0
Bob Veldran,Guard,,,,1968,2,18.0,,3.3,0.7,,,,,35.4,,,,,
Robert Veldran,Guard,,,,1966,1,22.0,,6.8,1.1,,,,,40.1,,81.3,,,
Tommy Vellacott,Guard,74.0,188.0,North Carolina-Asheville,2002,1,7.0,,0.0,0.4,0.0,0.1,0.0,,0.0,0.0,,0.0,,-0.1
Jerry Velling,Forward,77.0,196.0,Santa Clara,1991,3,85.0,14.5,2.4,1.8,0.8,0.5,0.0,1.0,44.4,,70.4,44.8,,
Fred Veloso,6-0 (183cm) ,,,,1954,1,5.0,,0.4,,,,,,20.0,,,,,
Mario Veloso,6-0 (183cm) ,,,,1954,1,6.0,,1.0,0.5,,,,,33.3,,50.0,,,
Austin Venable,Center,81.0,250.0,Presbyterian,2017,2,55.0,12.6,3.6,2.3,0.2,0.2,0.5,0.9,51.5,,62.2,51.5,10.2,0.5
Bob Venable,School: Fairleigh Dickinson,,,,1980,1,6.0,,0.5,0.5,,,,,,,60.0,,,
Clinton Venable,Guard,,,,1991,2,57.0,,17.1,3.3,4.6,1.6,0.1,3.7,44.8,37.6,86.7,49.0,,
Grady Venable,Guard,72.0,183.0,Montana State,1961,1,23.0,,4.1,2.3,,,,,43.7,,84.6,,,
Jerry Venable,Forward,77.0,196.0,Kansas State,1970,2,54.0,,15.5,7.9,,,,,45.6,,59.0,,,
Joe Venable,Guard,72.0,183.0,Southeastern Louisiana,1986,3,111.0,,2.9,0.9,3.1,1.2,0.0,2.9,32.7,,70.2,,,
Will Venable,Guard,75.0,190.0,Princeton,2004,3,109.0,,9.3,3.5,2.3,1.4,0.2,,51.1,29.3,72.8,54.9,,10.3
Ray Vencill,School: Eastern Kentucky,,,,1959,1,,,,,,,,,,,,,,
Jeff VenDeMark,Center,82.0,208.0,Western Carolina,1992,1,28.0,9.4,2.0,1.5,0.3,0.1,0.6,0.8,40.5,,58.3,40.5,,
Ivan Venegas,Forward,80.0,220.0,UTEP,2017,1,19.0,2.8,0.5,0.5,0.0,0.0,0.1,0.2,44.4,,50.0,44.4,3.1,0.0
Ivan Venegas,Forward,80.0,220.0,UTEP,2016,1,8.0,2.6,0.6,1.2,0.1,0.0,0.1,0.0,20.0,,33.3,20.0,12.6,0.0
Keith Veney,Guard,74.0,188.0,  Schools: Lamar and Marshall,1996,3,111.0,,17.4,2.6,1.6,1.0,0.1,,39.7,40.3,73.6,52.9,,
Luke Veney,Forward,79.0,201.0,ETSU,1977,1,26.0,,3.6,3.1,,,,,40.9,,47.2,,,
Reggie Veney,Guard,73.0,185.0,North Carolina-Wilmington,1993,3,84.0,26.6,8.7,1.8,2.9,0.9,0.1,2.1,42.2,37.5,70.7,48.7,,
Reggie Veney,Guard,73.0,185.0,North Carolina-Wilmington,1990,1,20.0,5.4,0.6,0.4,0.1,0.3,0.1,0.5,30.0,0.0,71.4,30.0,,
Dick Venezia,6-3 (190cm) ,,,,1955,1,16.0,,2.3,0.9,,,,,32.6,,69.2,,,
Mike Venezia,Guard,73.0,188.0,Colgate,2010,3,108.0,31.8,9.5,2.2,1.1,0.4,0.1,1.4,37.1,36.9,80.1,47.8,,3.4
Harry Venik,School: Iowa,,,,1967,2,,,,,,,,,,,,,,
Buddy Venne,Guard,75.0,190.0,Holy Cross,1972,3,75.0,,13.2,3.7,1.7,,,,42.2,,68.0,,,
Ramsey Venner,Forward,,,,2000,2,5.0,,0.2,0.8,0.0,0.0,0.0,,0.0,,50.0,0.0,,-0.1
Rod Venner,Guard,74.0,188.0,Jacksonville State,2005,1,11.0,,5.0,1.1,0.8,0.5,0.1,,37.9,20.7,83.3,43.1,,0.0
Michael Venson,Forward,77.0,196.0,James Madison,1994,3,87.0,12.7,5.8,3.5,1.0,0.3,0.1,1.2,49.7,25.0,67.6,50.0,,
Victor Venters,Forward,80.0,203.0,Montana,2004,3,87.0,,5.2,2.9,0.4,0.4,0.3,,53.4,0.0,57.5,53.4,,3.0
Dominick Ventura,Forward,77.0,196.0,Niagara,1965,3,48.0,,3.3,3.8,,,,,31.8,,58.3,,,
Brandon Venturini,Guard,72.0,179.0,Navy,2014,3,114.0,24.4,8.9,2.6,2.0,1.1,0.1,1.6,37.1,33.8,63.9,47.4,13.2,4.0
Jim Venza,Guard,72.0,183.0,Quinnipiac,1999,1,9.0,,0.7,0.0,0.0,0.0,0.0,,50.0,0.0,,50.0,,0.0
Don Venzant,Guard,72.0,183.0,Northwestern State,1993,1,23.0,,4.2,1.1,2.1,0.7,0.0,,50.8,0.0,63.8,50.8,,
Arnoldo Vera,Center,76.0,193.0,Texas-Rio Grande Valley,1977,4,54.0,,1.1,2.1,,,,,35.0,,50.0,,,
Chuck Verba,Center,81.0,206.0,North Carolina-Wilmington,1979,2,41.0,,2.0,1.4,0.2,,,0.5,50.0,,40.6,,,
Ivan Verberckt,Center,83.0,211.0,USC,1987,2,33.0,7.4,2.3,1.4,0.1,0.1,0.6,0.5,44.8,,60.0,,,
Ivan Verberckt,Center,83.0,211.0,Long Beach State,1984,2,57.0,24.4,9.6,5.1,0.3,,,,51.1,,72.3,,,
Bob Verbiea,Guard,76.0,193.0,Arizona,1950,1,2.0,,,,,,,,,,,,,
Matt Verbit,School: Princeton,,,,2003,1,9.0,,0.9,0.4,0.1,0.2,0.0,,50.0,50.0,100.0,75.0,,0.1
Roberto Vercellino,Forward,79.0,210.0,Northern Colorado,2017,1,26.0,10.5,2.5,2.4,0.3,0.2,0.2,0.9,50.0,33.3,61.9,55.2,9.6,0.4
Ron Vercruyssen,Center,83.0,211.0,St. Joseph's,1991,3,100.0,11.0,2.9,2.1,0.3,0.1,0.7,0.7,41.5,,64.0,41.5,,
John Verdeaux,Center,80.0,203.0,Brown,2000,2,46.0,,0.9,1.3,0.2,0.1,0.2,,32.7,,45.8,32.7,,-0.3
Jesus Verdejo,Guard,76.0,193.0,  Schools: Arizona and South Florida,2008,3,105.0,,8.2,2.0,1.8,0.5,0.0,1.8,40.4,33.1,69.3,48.1,,4.0
Chuck Verderber,Forward,78.0,198.0,Kentucky,1981,3,113.0,17.8,5.1,3.5,,0.4,0.1,1.1,50.5,,76.0,,,
Marco Verdugo,Forward,78.0,198.0,Arizona State,1971,1,5.0,,0.8,1.6,0.2,,,,66.7,,,,,
Conley Verdun,Guard,70.0,178.0,Louisiana-Lafayette,1997,2,56.0,,15.5,3.1,2.5,1.7,0.0,,35.9,33.8,78.4,46.3,,4.0
Anthony Vereen,Forward,79.0,201.0,Texas-Arlington,2008,3,122.0,,12.1,4.8,1.5,0.6,0.1,2.0,57.8,29.2,76.9,59.0,,13.6
Austin Vereen,Guard,76.0,190.0,Virginia Military Institute,2017,2,55.0,12.1,2.2,1.4,0.5,0.3,0.2,0.6,30.7,26.9,70.6,39.0,4.9,0.0
Rich Veres,Guard,74.0,188.0,William & Mary,1981,2,53.0,,3.2,1.5,1.4,1.1,0.2,1.4,45.1,,58.0,,,
Bob Verga,Guard,72.0,183.0,Duke,1967,3,80.0,,22.0,3.7,,,,,49.0,,72.9,,,
Dimitroy Vergan,6-4 (193cm) ,,,,1953,1,2.0,,1.0,0.5,,,,,100.0,,,,,
John Vergasson,Center,,,,1987,1,28.0,12.6,3.4,3.2,0.3,0.2,0.7,0.8,47.8,,71.1,47.8,,
Sal Vergopia,Forward,76.0,193.0,Niagara,1960,1,25.0,,8.4,7.2,,,,,42.2,,73.8,,,
Rostislav Vergun,Forward,79.0,201.0,Birmingham-Southern,2005,2,51.0,,2.5,1.4,0.9,0.3,0.1,,33.6,28.9,55.0,44.3,,0.5
Jake Verhagen,Forward,78.0,200.0,Eastern Illinois,2015,2,47.0,7.3,1.6,0.8,0.2,0.3,0.1,0.1,37.5,34.4,,52.1,11.0,0.6
Jeremy Verhagen,Forward,82.0,195.0,Northern Colorado,2016,2,61.0,17.1,4.7,2.9,0.3,0.3,0.5,1.1,54.7,20.0,62.9,55.9,11.9,1.2
Scott Verhine,School: Ole Miss,,,,1990,1,1.0,1.0,,,,0.0,0.0,1.0,,,,,,
Bronson Verhines,Forward,78.0,200.0,Southern Illinois,2014,1,27.0,13.6,2.7,2.8,0.3,0.2,0.3,0.5,52.5,,56.3,52.5,10.5,0.8
Dawson Verhines,Guard,76.0,205.0,Southern Illinois,2015,2,63.0,9.0,1.0,0.9,0.4,0.2,0.0,0.3,33.3,30.8,69.0,41.2,6.0,0.6
Grant Verhoeven,Center,81.0,245.0,Stanford,2015,3,117.0,9.9,2.1,1.7,0.2,0.3,0.2,0.3,46.9,45.5,65.2,49.5,10.4,2.7
Pete Verhoeven,Forward,81.0,215.0,Fresno State,1980,3,99.0,30.3,6.3,3.6,,,,,56.1,,74.3,,,
Peter Verhoeven,Forward,,,,1979,2,48.0,,3.8,2.1,,,,,53.6,,72.1,,,
Steve Verigan,School: Nevada,,,,1974,1,17.0,,1.2,0.8,0.6,,,0.8,21.4,,52.9,,,
Steve Verigin,Guard,75.0,190.0,Nevada,1975,1,23.0,,4.7,2.3,2.1,,,1.7,45.6,,78.1,,,
Clay Verk,Forward,80.0,260.0,Stetson,2017,1,28.0,11.0,3.0,2.2,0.2,0.1,0.1,0.9,36.5,23.1,43.9,38.2,4.3,-0.3
Jaap Verkerk,School: Oregon State,,,,1980,1,7.0,0.0,,0.6,0.1,0.0,0.0,,,,,,,
Matt Verkey,Guard,76.0,193.0,William & Mary,1995,3,106.0,,11.4,2.4,2.1,1.0,0.1,,41.0,37.4,77.5,52.4,,
Dick Verlasky,Guard,,,,1965,1,17.0,,4.2,2.0,,,,,50.0,,63.2,,,
Tom Verlin,Forward,75.0,190.0,Davidson,1976,3,62.0,,6.1,1.9,,,,,50.2,,81.0,,,
Grant Vermeer,Guard,74.0,195.0,Navy,2016,3,46.0,8.1,2.1,1.1,0.6,0.3,0.0,0.6,43.2,28.6,62.5,51.1,11.9,0.6
Greg Vermillion,6-5 (196cm) ,,,,1964,3,66.0,,9.5,5.3,,,,,46.7,,74.1,,,
Lesley Vermillion,Guard,75.0,190.0,Winthrop,1990,1,21.0,,2.0,0.7,0.2,0.1,0.0,,38.2,25.0,81.3,41.2,,
Bill Vernau,Guard,78.0,198.0,South Carolina,1988,3,76.0,8.2,2.1,1.2,,0.3,0.0,0.5,38.4,,67.5,,,
Gilbert Vernell,Forward,77.0,196.0,Texas Tech,1962,2,22.0,,1.0,0.9,,,,,,,60.0,,,
Gil Verner,Guard,76.0,193.0,Nicholls State,2008,3,86.0,,6.0,2.2,1.3,1.2,0.1,1.3,38.2,33.1,65.8,49.9,,1.6
Marcus Verner,Center,80.0,203.0,Southeastern Louisiana,2007,3,49.0,,0.3,0.7,0.1,0.1,0.1,,38.5,,33.3,38.5,,0.3
Carl Vernick,Guard,73.0,185.0,Syracuse,1964,3,66.0,,10.3,4.0,,,,,38.3,,73.3,,,
Guy Vernikovsky,Guard,69.0,175.0,Loyola Marymount,2001,1,12.0,,0.3,0.4,0.5,0.4,0.0,,40.0,0.0,,40.0,,0.1
Anthony Vernon,Forward,81.0,255.0,Morgan State,2015,1,4.0,1.8,0.0,0.0,0.0,0.0,0.0,0.3,0.0,,,0.0,-18.0,0.0
Bob Vernon,6-0 (183cm) ,,,,1958,2,47.0,,11.0,3.0,,,,,41.5,,74.1,,,
Greg Vernon,Guard,76.0,193.0,Cal State Fullerton,1993,3,99.0,8.2,5.1,1.7,1.0,0.5,0.1,0.5,42.5,30.3,70.5,46.7,,
Keonta Vernon,Forward,78.0,225.0,Grand Canyon,2017,2,65.0,21.4,8.1,6.2,0.7,0.8,0.5,1.5,51.8,50.0,53.1,51.9,17.0,4.8
Kim Vernon,Forward,,,,1975,2,26.0,,2.6,2.3,,,,,40.0,,43.8,,,
Luke Vernon,Forward,77.0,196.0,Cornell,2001,3,69.0,,2.1,1.2,0.4,0.4,0.1,,41.4,28.2,63.6,45.5,,1.2
Marcel Vernon,School: Colgate,,,,1989,1,9.0,3.9,1.1,0.8,,0.0,0.0,0.7,23.1,50.0,60.0,26.9,,
Mike Vernon,Guard,76.0,193.0,Montana,1972,2,30.0,,11.1,3.3,,,,,39.5,,,,,
Vernon Vernon,Guard,65.0,165.0,UCF,1989,1,26.0,,4.2,1.6,2.6,0.5,,,29.4,23.6,73.0,34.9,,
Jim Veronick,Forward,80.0,203.0,UConn,2009,2,5.0,,0.4,0.4,0.0,0.0,0.2,0.0,100.0,,,100.0,,0.1
Tom Veronneau,Center,77.0,196.0,Boston College,1970,3,70.0,,9.4,6.2,,,,,64.7,,67.6,,,
Paul Verret,Center,81.0,206.0,Gonzaga,1989,2,43.0,22.7,6.7,5.6,1.4,0.4,0.7,1.3,55.3,,55.7,55.3,,
Paul Verret,Forward,,,,1986,2,40.0,12.1,2.0,2.3,0.1,0.2,0.4,1.0,40.5,,46.8,,,
Dave Verschueren,Forward,,,,1998,1,4.0,,0.0,0.2,0.0,0.0,0.0,,0.0,,,0.0,,0.0
Brent Versendaal,School: Illinois,,,,1992,1,1.0,1.0,,,,0.0,0.0,,,,,,,
David Verser,School: Kansas,,,,1978,1,5.0,0.0,,0.2,0.2,0.0,0.0,,,,,,,
Jim Vershaw,Forward,76.0,193.0,Bradley,1999,2,8.0,2.4,0.9,0.5,0.0,0.0,0.0,0.1,40.0,0.0,75.0,40.0,,0.0
Mark Vershaw,Forward,81.0,206.0,Wisconsin,2000,3,128.0,,8.3,3.5,2.4,0.4,0.4,,43.6,35.2,72.0,45.5,,10.1
Wun Versher,Forward,76.0,193.0,Arizona State,1993,2,47.0,8.2,4.5,1.3,0.6,0.7,0.4,0.5,39.3,27.7,39.5,47.3,,
Martynas Versinskas,Center,81.0,206.0,Presbyterian,2008,1,13.0,,1.5,1.2,0.3,0.2,0.2,,26.7,0.0,66.7,26.7,,
Floris Versteeg,Forward,81.0,215.0,Cal State Fullerton,2014,1,15.0,7.1,1.3,1.1,0.0,0.1,0.0,0.3,28.6,23.5,66.7,38.1,3.6,0.0
Frank Vertovec,Guard,76.0,193.0,Detroit,1965,2,29.0,,2.9,1.1,,,,,46.5,,62.1,,,
Frank Vertwec,Forward,76.0,193.0,Detroit,1964,1,10.0,,1.9,1.2,,,,,35.3,,53.8,,,
Stephen Verwers,Center,83.0,211.0,  Schools: Colorado State and Hawaii,2007,3,97.0,,2.8,2.7,0.6,0.4,0.8,1.8,47.8,,56.6,47.8,,2.4
Jerry Verwey,Guard,72.0,183.0,Loyola (IL),1962,3,59.0,,3.4,2.8,,,,,41.5,,57.9,,,
John Veryzer,Guard,73.0,185.0,Georgia Tech,1970,3,61.0,,2.5,2.0,,,,,36.7,,63.3,,,
_ Veryzer,School: Manhattan,,,,1948,1,,,,,,,,,,,,,,
Bob del Vescovo,School: St. Joseph's,,,,1997,2,,,,,,,,,,,,,,
Kevin Vesey,Center,82.0,208.0,Iona,1980,3,117.0,13.0,3.0,3.0,0.2,0.1,1.5,0.9,52.1,,67.7,,,
Rueben Vesmadian,Guard,73.0,185.0,Fresno State,2002,1,5.0,,0.0,1.2,0.4,0.0,0.0,,0.0,0.0,,0.0,,-0.2
Alan Vest,Guard,75.0,185.0,Wright State,2017,2,41.0,8.6,1.2,0.7,0.4,0.2,0.0,0.3,35.6,41.7,66.7,46.7,5.4,0.5
Dyke Vest,Guard,70.0,178.0,Western Kentucky,1953,2,49.0,,3.0,1.1,,,,,27.1,,,,,
Jerry Vest,Forward,78.0,198.0,Oklahoma,1976,3,14.0,,,0.6,,,,,,,,,,
Jim Vest,Center,,,,1961,1,5.0,,0.4,0.6,,,,,25.0,,,,,
Mark Vest,Guard,77.0,196.0,Virginia Military Institute,1982,1,26.0,33.1,16.3,6.0,1.5,,,3.1,46.9,,79.3,,,
Matt Vest,Guard,77.0,200.0,Wright State,2013,3,123.0,21.4,5.0,2.8,1.7,0.8,0.1,0.9,49.0,35.3,60.1,56.2,14.0,8.4
_ Vest,School: Miami (OH),,,,1962,1,,,,,,,,,,,,,,
_ Vest,6-4 (193cm) ,,,,1961,1,6.0,,0.5,0.7,,,,,25.0,,33.3,,,
Anders Vestergaard,Center,80.0,203.0,Princeton,1989,3,29.0,6.2,1.9,1.3,0.7,0.2,0.1,0.8,48.8,,56.5,48.8,,
Chuck Veterano,Center,80.0,203.0,St. Peter's,1990,3,112.0,29.7,12.2,6.1,1.2,0.8,0.4,2.3,45.6,36.6,73.3,46.4,,
Konner Veteto,Forward,80.0,275.0,  Schools: UC-Riverside and Sacramento State,2012,3,106.0,21.2,6.7,4.5,0.2,0.2,0.2,1.8,49.7,0.0,59.2,49.7,,4.5
Dave Vetica,School: Florida State,,,,1977,1,7.0,,0.9,0.3,,,,,42.9,,,,,
Chris Vetrano,Guard,68.0,173.0,New Hampshire,2006,2,57.0,,7.2,1.6,3.0,0.8,0.1,,37.5,35.3,80.0,50.7,,2.3
Clayton Vette,Forward,81.0,206.0,Iowa State,2008,1,5.0,,1.4,1.6,0.0,0.0,0.0,0.0,100.0,,25.0,100.0,,0.1
Darrell Vetter,Forward,78.0,198.0,Cal State Fullerton,1982,1,11.0,6.7,1.2,1.4,,0.2,0.3,0.3,36.4,,83.3,,,
Jd Vetter,Guard,75.0,190.0,Oregon State,1995,3,74.0,,6.0,2.3,1.4,1.1,0.1,,40.2,35.0,68.5,50.6,,
Reggie Vezia,Guard,74.0,188.0,Pacific,2007,2,44.0,,5.1,2.0,0.7,0.4,0.1,,47.4,44.1,75.0,61.7,,1.9
Tim Vezie,Forward,76.0,193.0,Denver,1963,3,64.0,,15.4,,,,,,,,,,,
Tarik Viaer-McClymont,Center,79.0,201.0,Bucknell,2005,3,108.0,,1.7,1.4,0.1,0.2,0.2,,54.6,,37.5,54.6,,2.1
Eric Vial,Center,,,,1982,2,24.0,19.0,6.8,3.6,0.9,0.3,0.4,0.7,48.6,,,,,
Eric Vial,Center,83.0,211.0,University of California,1979,2,27.0,,1.9,1.3,,0.0,,,50.0,,46.2,,,
Reed Vial,Guard,75.0,190.0,LSU,2017,1,6.0,1.2,0.2,0.2,0.0,0.0,0.0,0.2,,,50.0,,-1.7,0.0
Eric Vianney,Guard,74.0,188.0,  Schools: Illinois State and Tulane,2009,3,96.0,13.7,3.9,1.6,1.3,0.8,0.0,1.0,38.5,34.7,66.3,49.2,,2.7
Mykail Vibbert,Forward,76.0,193.0,North Carolina-Asheville,2005,1,20.0,,3.1,1.1,0.3,0.2,0.0,,52.2,30.0,50.0,55.4,,0.3
Bobby Vicars,Forward,76.0,193.0,Virginia Tech,1964,3,58.0,,5.2,3.2,,,,,44.8,,,,,
Henry Butch Viccellio,6-5 (196cm) ,,,,1962,3,68.0,,9.4,,,,,,43.4,,71.1,,,
Dick Vice,6-1 (185cm) ,,,,1957,1,15.0,,7.8,1.9,,,,,42.5,,70.0,,,
Jeff Vice,Guard,73.0,185.0,Miami (OH),1979,1,11.0,,0.5,0.1,0.1,,,,50.0,,50.0,,,
Michael Vicens,Forward,77.0,196.0,Holy Cross,1978,4,115.0,,15.0,6.3,2.4,,,,49.0,,67.6,,,
Packin Vicens,Guard,69.0,175.0,Kansas State,1956,2,45.0,,11.6,5.1,,,,,38.8,,71.2,,,
C.J. Vick,Forward,80.0,203.0,Quinnipiac,2004,3,115.0,,7.5,5.0,1.3,0.6,0.9,,56.0,30.0,60.3,56.3,,8.7
Derrick Vick,Forward,78.0,198.0,Nebraska,1988,2,63.0,27.4,11.2,5.4,1.4,1.0,0.6,2.3,52.3,,68.6,52.3,,
Lagerald Vick,Guard,77.0,175.0,Kansas,2017,2,55.0,17.6,5.5,2.4,0.8,0.4,0.3,0.8,45.5,38.5,77.4,54.1,13.0,2.7
Brian Vickers,Guard,75.0,190.0,Iona,1981,3,32.0,3.7,1.5,0.8,,0.2,0.0,0.6,44.7,,71.4,,,
Edward Vickers,Forward,,,,1977,1,18.0,,10.6,7.7,,,,,46.3,,59.1,,,
Glenn Vickers,Guard,73.0,185.0,Iona,1980,4,114.0,0.1,14.5,2.8,,1.1,0.1,3.1,46.9,,78.8,,,
Jay Vickers,Guard,75.0,190.0,Mercer,2002,3,6.0,,0.3,0.0,0.0,0.2,0.0,,33.3,0.0,,33.3,,0.0
John Vickers,Center,79.0,201.0,Furman,1963,3,53.0,,2.5,2.6,,,,,41.2,,55.2,,,
Larry Vickers,Center,81.0,206.0,Norfolk State,2007,3,107.0,,2.9,3.7,0.5,0.6,1.0,1.8,45.1,0.0,36.7,45.1,,3.7
Michael Vickers,Forward,78.0,198.0,Arkansas-Pine Bluff,2001,3,80.0,,7.8,3.4,0.5,0.8,0.4,,37.3,0.0,64.5,37.3,,-0.1
Rob Vickers,Guard,,,,1990,3,79.0,19.7,4.2,1.2,2.6,0.6,0.0,1.3,42.9,40.3,65.3,52.6,,
Willie Vickers,Guard,83.0,211.0,Hofstra,1977,2,58.0,,4.4,1.1,,,,,44.6,,64.8,,,
Hollis Vickery,Guard,75.0,190.0,Hawaii,1979,2,45.0,,3.8,1.4,1.0,,,0.9,38.1,,76.9,,,
Russell Vickery,Forward,75.0,190.0,Maine,1969,2,46.0,,4.6,3.3,,,,,40.9,,65.6,,,
Sam Vickery,Guard,73.0,185.0,High Point,2009,1,5.0,,0.4,0.0,0.0,0.0,0.0,0.0,100.0,,,100.0,,0.0
Per Vicklander,Center,82.0,208.0,St. Bonaventure,1993,1,19.0,,1.0,1.4,0.2,0.1,0.3,,31.0,,14.3,31.0,,
Garrick Vicks,Forward,76.0,193.0,Western Illinois,1996,3,82.0,,16.4,7.1,2.1,1.3,0.2,,48.4,37.0,65.3,52.0,,
Randy Vicks,School: Penn State,,,,1971,1,7.0,,1.1,0.1,0.1,,,,33.3,,50.0,,,
Chester Victor,Guard,74.0,160.0,Jackson State,2014,1,4.0,1.5,0.8,0.0,0.0,0.0,0.0,0.3,25.0,33.3,,37.5,-4.5,0.0
Craig Victor,Forward,79.0,205.0,  Schools: Arizona and LSU,2017,3,41.0,26.5,9.7,5.1,0.7,1.1,0.6,1.3,44.8,12.5,61.5,45.0,16.9,2.4
Cuthbert Victor,Forward,77.0,196.0,Murray State,2001,1,123.0,4.7,12.1,7.6,1.7,1.3,,,58.9,29.4,66.0,60.9,,19.1
David Victor,Forward,81.0,206.0,  Schools: Nevada and Sacramento State,1997,3,79.0,,8.3,4.2,0.4,1.1,1.1,,45.0,28.6,57.8,47.7,,
Isiah Victor,Forward,81.0,206.0,Tennessee,2000,3,125.0,22.9,10.4,6.4,0.8,0.8,1.1,2.3,53.7,30.0,61.4,54.6,,14.4
Jeff Victor,School: Centenary (LA),,,,1971,2,31.0,,4.4,1.5,,,,,40.0,,67.1,,,
Jhonny Victor,Guard,76.0,178.0,Florida,2016,1,5.0,1.0,0.0,0.2,0.2,0.0,0.0,0.2,0.0,,,0.0,-4.2,0.0
Michael Victor,Forward,77.0,196.0,Long Beach State,1993,1,9.0,,2.1,0.8,0.0,0.1,0.0,,66.7,0.0,50.0,66.7,,
Nick Victor,Guard,77.0,220.0,Yale,2015,3,91.0,22.5,4.7,4.5,1.8,0.8,0.8,1.6,45.0,37.3,44.7,51.5,11.7,4.5
Skip Victor,Guard,75.0,190.0,Navy,1999,3,70.0,,8.5,4.3,2.8,2.0,0.2,,43.7,30.1,68.3,46.5,,6.3
Spook Victor,Forward,77.0,196.0,Colorado State,1996,2,54.0,,3.0,1.0,0.6,0.3,0.0,,38.5,40.6,63.1,50.0,,
Justino Victoriano,Forward,81.0,206.0,UTEP,2003,2,62.0,23.0,8.4,6.9,0.7,0.6,0.6,2.6,56.8,100.0,50.6,56.9,,2.8
Tom Vidakovich,Guard,71.0,180.0,Colorado State,1966,3,62.0,,9.5,1.9,,,,,44.4,,81.3,,,
Eddie Vidal,School: George Washington,,,,1982,2,,,,,,,,,,,,,,
Kevin Vidato,Forward,76.0,193.0,Washington,1986,3,91.0,13.5,2.8,1.5,,0.5,0.1,1.1,45.2,,52.4,,,
Rafael Vidaurreta,Center,81.0,206.0,Wake Forest,2000,3,119.0,,5.2,6.1,0.9,0.7,0.3,,45.4,16.7,60.4,45.9,,7.2
Brian Videau,Guard,76.0,193.0,Alcorn State,2003,1,1.0,,0.0,0.0,0.0,0.0,0.0,,,,,,,0.0
Filip Videnov,Guard,76.0,193.0,Western Kentucky,2002,3,124.0,,7.4,3.4,1.7,0.8,0.2,,43.4,38.0,83.7,53.2,,8.9
Glenn Vidnovic,Forward,77.0,196.0,Iowa,1970,3,59.0,,16.1,6.2,,,,,51.6,,85.6,,,
Matt Vidoni,Center,81.0,206.0,Evansville,2000,2,15.0,,1.1,0.8,0.0,0.1,0.2,,30.0,,26.3,30.0,,-0.2
John Vidovich,Guard,72.0,183.0,West Virginia,1973,1,11.0,,4.0,0.5,0.6,,,,52.8,,75.0,,,
Joey Vidrine,Forward,80.0,203.0,Texas Southern,1995,1,16.0,,2.5,2.2,0.6,0.3,0.2,,35.6,23.1,33.3,38.9,,
Joe Vidulich,School: Columbia,,,,1977,1,,,,,,,,,,,,,,
Dale Vieau,Forward,70.0,178.0,Indiana,1952,3,30.0,,,,,,,,,,,,,
Rod Viebig,Guard,72.0,183.0,McNeese State,1978,2,55.0,,7.3,1.7,3.9,,,1.2,43.7,,78.7,,,
Dave Viegant,Guard,75.0,190.0,Vermont,1980,1,14.0,,5.1,1.4,,,,,53.8,,78.9,,,
Doug Viegas,Forward,78.0,198.0,Wagner,2004,2,32.0,,4.8,1.7,1.0,0.7,0.2,,32.2,30.5,70.7,42.1,,0.6
Rodrigo Viegas,Forward,77.0,196.0,  Schools: Virginia Tech and Florida International,2002,3,68.0,,7.1,3.5,1.5,1.5,0.1,,40.8,25.2,65.4,43.8,,2.1
Bob Vieira,School: San Diego State,,,,1982,1,,,,,,,,,,,,,,
Marc Vielledent,Forward,78.0,198.0,Army,2003,1,1.0,,0.0,0.0,0.0,0.0,0.0,,0.0,0.0,,0.0,,0.0
Nick Vier,Guard,73.0,185.0,Vermont,2009,3,130.0,24.6,4.8,2.0,2.5,0.8,0.0,2.1,38.1,35.4,73.1,46.6,,5.8
Mark Viera,Guard,,,,1975,3,67.0,,10.7,2.5,,,,,44.6,,67.6,,,
Eric Vierneisel,Forward,79.0,201.0,University of California,2007,3,110.0,,3.8,1.6,1.1,0.4,0.2,1.2,38.5,32.6,71.6,48.6,,2.7
Al Vierra,Forward,74.0,188.0,Hawaii,1970,1,3.0,,1.3,0.7,,,,,28.6,,,,,
Adam Viet,Guard,75.0,190.0,Northern Iowa,2007,3,94.0,,4.1,0.8,0.4,0.2,0.0,0.6,43.0,41.3,82.4,61.3,,4.0
Dave Vigeant,School: Vermont,,,,1981,1,,,,,,,,,,,,,,
Jeff Viggiano,Forward,78.0,198.0,UMass,2005,3,106.0,26.1,7.7,3.8,1.8,0.9,0.8,1.8,39.5,26.7,66.0,46.0,,4.7
Paul Viggiano,School: Fordham,,,,1954,2,,,,,,,,,,,,,,
Robert Vigil,Guard,75.0,190.0,Oklahoma State,1978,1,17.0,0.1,3.0,0.9,0.9,0.2,0.1,1.1,36.2,,64.3,,,
Dan Viglianco,Forward,77.0,196.0,St. Bonaventure,1979,4,81.0,0.1,3.9,1.7,,0.5,0.1,0.5,47.3,,73.2,,,
Thomas Viglianco,Forward,82.0,208.0,  Schools: William & Mary and Birmingham-Southern,2004,3,112.0,,8.2,4.1,1.3,0.6,0.2,,40.5,38.1,71.5,51.0,,6.7
Mike Viglione,Guard,74.0,188.0,Boston College,2002,1,3.0,,0.0,0.0,0.0,0.0,0.0,,0.0,,,0.0,,0.0
Tony Vignali,Guard,78.0,198.0,Notre Dame,1968,3,33.0,,,3.2,,,,,,,,,,
Jacques Vigneault,Guard,73.0,185.0,Cornell,2003,3,67.0,,3.0,0.5,0.2,0.1,0.0,,36.7,37.2,84.6,54.2,,1.3
Zachary Vigneault,Guard,72.0,174.0,Saint Francis (PA),2013,1,7.0,2.3,0.6,0.4,0.1,0.3,0.0,0.3,25.0,25.0,50.0,37.5,11.4,0.0
Peter Vignier,Center,83.0,211.0,Michigan,1999,3,102.0,,3.4,3.7,0.5,0.3,0.4,,50.0,,63.0,50.0,,2.3
Timothy Vigrass,Forward,74.0,188.0,Colgate,1966,2,43.0,,9.4,3.1,,,,,41.7,,58.9,,,
David Vik,Center,83.0,211.0,Washington State,1994,3,104.0,,3.2,2.1,0.6,0.2,0.2,,47.3,,70.0,49.0,,
Marc-David Vil,Guard,76.0,193.0,Winthrop,2009,2,24.0,,1.3,0.7,0.4,0.2,0.0,0.4,35.3,25.0,20.0,39.7,,-0.1
Eric Vila,Forward,83.0,206.0,Texas A&M,2017,1,20.0,11.9,2.2,2.0,0.9,0.5,0.0,0.7,29.4,26.1,56.3,35.3,7.0,0.3
Ramon Vila,Forward,80.0,230.0,Arizona State,2017,1,33.0,12.3,2.6,2.0,0.1,0.2,0.2,0.3,64.7,0.0,63.6,64.7,10.1,0.8
G.J. Vilarino,Guard,73.0,185.0,  Schools: Gonzaga and Appalachian State,2012,2,53.0,16.1,3.1,1.2,0.8,0.4,0.0,1.3,38.0,22.6,60.0,40.5,7.6,0.4
Reginald Vilcean,Forward,79.0,201.0,Alabama A&M,2005,1,15.0,,0.3,2.3,0.4,0.1,0.2,,7.7,,30.0,7.7,,0.0
Al Vilcheck,Center,81.0,206.0,Louisville,1972,3,87.0,,12.0,9.0,2.2,,,2.0,49.2,,56.6,,,
Antanas Vilcinskas,Center,,,,1998,3,94.0,,7.7,4.7,0.5,0.4,0.4,,51.6,,60.4,51.6,,6.8
Ricmonds Vilde,Center,83.0,255.0,  Schools: SMU and Houston Baptist,2015,3,74.0,15.8,5.4,4.3,0.6,0.3,0.6,1.8,53.9,36.7,64.8,55.8,15.0,2.1
Gintautas Vileita,Forward,,,,1997,3,74.0,,2.7,1.6,0.8,0.7,0.1,,44.1,33.3,63.5,47.6,,
Luis Villafane,Forward,82.0,208.0,Niagara,2002,3,91.0,,1.0,1.4,0.2,0.2,0.8,,48.7,0.0,48.5,48.7,,2.0
Bob Villani,Forward,78.0,198.0,Oklahoma City,1970,2,55.0,,9.8,6.2,,,,,47.1,,73.2,,,
Jack Villani,6-1 (185cm) ,,,,1953,2,40.0,,8.0,3.8,,,,,36.3,,66.0,,,
Charlie Villanueva,Forward,83.0,240.0,UConn,2005,2,63.0,22.3,11.2,6.7,1.0,0.4,1.7,,51.8,39.3,68.1,54.1,,8.4
Edwin Villanueva,Guard,71.0,180.0,LIU-Brooklyn,1984,3,66.0,,2.8,0.9,,0.7,0.0,,50.0,,66.7,,,
Tony Villanueva,Forward,78.0,198.0,Saint Mary's (CA),1989,2,42.0,5.3,2.1,1.1,0.3,0.1,0.1,0.5,41.0,43.3,62.5,49.4,,
Coco Villareal,Forward,76.0,193.0,Texas Christian,1969,1,21.0,,3.0,2.9,,,,,50.9,,53.8,,,
Coco Villarreal,Forward,76.0,193.0,Texas Christian,1971,2,46.0,,6.5,4.1,,,,,39.8,,63.6,,,
Juan Villarreal,Forward,76.0,193.0,Texas-Rio Grande Valley,1974,1,8.0,,0.2,1.5,,,,,11.1,,,,,
Jason Villas,Center,80.0,203.0,Army,1995,3,84.0,13.4,4.5,2.6,0.4,0.3,0.3,1.0,45.0,28.6,76.3,46.2,,
Johwen Villegas,Guard,76.0,193.0,Florida International,2007,2,57.0,,11.7,3.8,1.3,0.8,0.4,,40.3,35.3,58.1,51.1,,3.3
Sammy Villegas,Guard,78.0,198.0,Toledo,2005,3,120.0,,10.0,2.5,2.2,1.0,0.1,,39.5,35.9,74.2,51.4,,6.6
Tom Villemure,Guard,,,,1961,2,44.0,,6.0,1.2,,,,,41.0,,70.8,,,
Dustin Villepigue,Forward,81.0,206.0,  Schools: Gonzaga and UNLV,2006,3,64.0,,4.7,3.8,0.7,0.4,0.1,,56.4,0.0,70.8,56.4,,3.4
Doug Vilotti,Forward,79.0,201.0,University of California,1978,3,69.0,,7.5,5.3,1.2,0.9,,,49.8,,65.7,,,
Burton Vimont,Center,80.0,203.0,Sam Houston State,2006,1,8.0,,1.8,2.9,0.0,0.0,0.5,,63.6,,0.0,63.6,,0.3
Nelson Vinal,School: Florida,,,,1951,1,22.0,,5.5,1.7,,,,,38.5,,85.0,,,
Kyle Vinales,Guard,73.0,180.0,Central Connecticut,2014,3,79.0,35.5,19.2,1.9,3.7,1.3,0.1,3.2,39.8,38.1,81.1,47.8,17.6,5.7
Anton Vincent,Forward,77.0,196.0,Sam Houston State,1987,1,28.0,12.0,2.9,1.8,0.4,0.3,0.1,1.0,45.3,75.0,52.8,47.7,,
Bill Vincent,Center,79.0,201.0,Nebraska,1963,2,46.0,,7.5,4.3,,,,,34.3,,67.0,,,
Branden Vincent,Forward,80.0,203.0,Mississippi State,2004,2,61.0,,5.9,5.9,1.2,0.7,1.0,,52.4,0.0,54.2,52.4,,5.8
Brett Vincent,Guard,70.0,178.0,Marshall,1991,1,28.0,30.6,10.8,2.5,3.4,1.1,0.1,2.3,39.4,43.6,82.6,52.4,,
Brett Vincent,Guard,70.0,178.0,Robert Morris,1990,1,30.0,20.5,6.3,1.6,2.4,0.8,0.0,1.6,37.9,39.3,76.7,47.4,,
Brett Vincent,Guard,70.0,178.0,West Virginia,1988,2,40.0,8.9,3.1,0.7,0.7,0.3,0.0,0.8,41.2,38.6,63.6,54.4,,
Chuck Vincent,Forward,,,,1995,1,110.0,5.7,15.2,8.6,1.2,0.7,,,54.0,25.0,68.5,54.1,,
Dick Vincent,6-0 (183cm) ,,,,1956,2,47.0,,5.4,,,,,,34.5,,60.5,,,
Donald Vincent,6-2 (188cm) ,,,,1958,3,86.0,,9.0,4.3,,,,,41.1,,67.9,,,
Gabe Vincent,Guard,75.0,190.0,UCSB,2017,3,81.0,30.0,12.9,3.0,2.2,1.0,0.1,1.4,39.5,37.6,75.3,49.9,15.9,7.1
Jack Vincent,Forward,77.0,196.0,Western Michigan,1960,1,2.0,,,2.5,,,,,,,,,,
James Vincent,Center,82.0,260.0,Georgia State,2012,3,117.0,13.1,3.3,3.1,0.2,0.3,1.1,0.8,51.3,,57.7,51.3,15.3,3.6
Jay Vincent,Forward,79.0,220.0,Michigan State,1980,3,114.0,34.2,16.8,6.2,,1.0,0.3,,51.4,,65.7,,,
Jayson Vincent,Guard,76.0,193.0,Michigan State,2003,1,7.0,,0.3,0.1,0.0,0.0,0.0,,50.0,,,50.0,,0.0
Jeff Vincent,Guard,75.0,190.0,Texas Christian,1979,1,19.0,,7.4,1.9,,,,,44.2,,79.2,,,
Leo Vincent,Guard,72.0,180.0,  Schools: Sacred Heart and Southern Illinois,2017,3,71.0,22.3,7.9,1.9,1.0,0.6,0.0,1.4,39.2,32.7,81.2,48.7,11.8,2.9
Lou Vincent,Forward,79.0,201.0,Towson,1981,1,18.0,,2.2,1.2,,,,,39.4,,65.0,,,
Mike Vincent,Center,78.0,198.0,Indiana State,1972,1,11.0,,2.1,1.1,,,,,58.3,,56.3,,,
Sam Vincent,Guard,74.0,185.0,Michigan State,1984,3,110.0,35.1,16.8,3.0,2.8,1.4,0.2,3.4,49.1,,80.3,,,
Thomas Vincent,Guard,70.0,178.0,Utah State,2002,2,53.0,,2.5,0.6,0.9,0.3,0.1,,36.1,30.4,71.8,47.2,,1.2
Tom Vincent,Center,80.0,203.0,Tulsa,1977,2,37.0,,11.2,6.8,,,,,51.5,,64.2,,,
Charles Vines,6-2 (188cm) ,,,,1964,1,8.0,,0.5,0.9,,,,,,,100.0,,,
Cornelius Vines,Guard,74.0,188.0,Hofstra,2010,2,64.0,29.1,9.3,2.9,2.0,1.2,0.1,1.5,31.7,31.2,63.4,43.0,,3.3
Harry Vines,Forward,,,,1961,3,77.0,,10.1,6.6,,,,,41.2,,62.9,,,
Scottie Vines,Guard,74.0,188.0,Wyoming,2001,1,17.0,,1.9,1.3,0.9,0.6,0.0,,22.6,10.5,54.5,24.5,,-0.3
T.J. Vines,Guard,70.0,178.0,Georgia Tech,2000,3,124.0,,4.4,1.5,1.9,0.9,0.1,,35.4,33.2,59.1,46.3,,3.0
Drew Viney,Forward,80.0,210.0,  Schools: Oregon and Loyola Marymount,2011,3,95.0,33.3,14.5,5.8,1.6,1.1,1.0,2.4,45.7,41.6,79.2,52.7,,10.2
Randy Vining,Guard,73.0,185.0,Louisiana-Monroe,1986,3,74.0,9.5,1.6,0.6,1.2,0.3,0.1,1.0,38.2,,73.8,,,
Paulius Vinogradovas,Center,85.0,215.0,Norfolk State,2015,3,58.0,4.1,0.4,0.7,0.0,0.1,0.1,0.2,34.5,,33.3,34.5,1.7,0.0
Richard Vinroot,Center,78.0,198.0,UNC,1963,2,9.0,,,0.2,,,,,,,,,,
Carl Vinson,School: Oral Roberts,,,,1974,1,4.0,,1.5,1.8,,,,,27.3,,,,,
Corey Vinson,Guard,73.0,170.0,New Orleans,2016,1,2.0,1.5,0.0,0.5,0.0,0.0,0.0,0.0,,,,,5.3,0.0
Donald Vinson,Forward,77.0,196.0,Austin Peay,1983,2,23.0,3.6,3.6,2.5,0.8,0.3,0.2,1.1,39.2,,71.4,,,
Durell Vinson,Forward,79.0,201.0,Wagner,2006,3,117.0,,9.8,7.6,0.7,0.8,1.0,3.3,53.0,0.0,42.7,53.0,,10.9
Dwayne Vinson,Guard,74.0,188.0,Boston University,1985,3,121.0,20.8,8.2,3.6,1.7,1.4,0.2,1.5,46.5,,71.4,,,
Fred Vinson,Guard,76.0,190.0,Georgia Tech,1994,2,61.0,18.7,7.0,2.5,0.8,0.7,0.1,1.1,41.1,38.3,79.5,53.7,,
Greg Vinson,Center,79.0,201.0,San Jose State,1983,2,53.0,28.0,7.7,5.2,,,,,50.2,,63.6,,,
Jerry Vinson,Center,78.0,198.0,Loyola Marymount,1964,1,16.0,,5.9,5.2,,,,,40.3,,72.1,,,
Sonny Vinson,Forward,79.0,201.0,ETSU,1983,2,53.0,,6.6,3.1,,,,,46.6,,69.6,,,
Stephen Vinson,Guard,74.0,188.0,Kansas,2005,3,62.0,4.5,0.8,0.4,0.6,0.2,0.0,0.3,21.3,17.0,72.2,27.9,,0.0
Terrance Vinson,Forward,80.0,203.0,Virginia Tech,2008,3,28.0,,0.3,0.5,0.0,0.0,0.1,0.4,25.0,,100.0,25.0,,0.0
Terrell Vinson,Forward,79.0,220.0,UMass,2012,3,132.0,24.7,9.7,4.7,1.0,0.7,0.5,1.6,45.1,30.0,66.9,49.6,15.5,8.8
Tim Vinson,School: Colorado,,,,1977,1,10.0,,1.2,0.2,0.4,,,,40.0,,,,,
Tip Vinson,Guard,76.0,193.0,Rhode Island,2000,2,62.0,,6.7,2.1,1.5,1.0,0.1,,36.1,38.1,73.9,42.7,,0.8
Trevaron Vinson,Guard,74.0,188.0,Colgate,2008,3,108.0,,2.0,1.3,1.2,0.6,0.0,0.8,39.4,39.1,63.2,44.0,,1.7
Bobby Vint,Center,80.0,203.0,Arkansas,1971,3,73.0,,7.0,4.6,,,,,42.6,,72.0,,,
Hooper Vint,Center,83.0,235.0,UTEP,2014,3,101.0,13.6,4.3,2.8,0.4,0.1,0.6,0.8,53.1,23.6,61.5,55.0,13.0,3.4
Bill Vinton,School: Georgia Tech,,,,1972,1,15.0,,2.4,1.3,,,,,36.0,,64.3,,,
Derrick Vinyard,Forward,77.0,196.0,Cleveland State,1990,2,43.0,11.0,3.7,2.4,0.5,0.3,0.0,1.0,43.5,,56.1,43.5,,
Sean Vinzen,Forward,79.0,201.0,Penn,1991,1,12.0,,0.2,0.8,0.2,0.1,,,33.3,,33.3,33.3,,
Walter Violand,Guard,73.0,185.0,Providence,1970,3,62.0,,4.6,2.3,,,,,41.3,,68.8,,,
Cory Violette,Center,83.0,211.0,Gonzaga,2003,3,129.0,,10.4,6.8,0.9,0.8,0.7,,51.8,27.7,67.8,53.2,,14.2
Jimmy Viramontes,5-7 (170cm) ,,,,1952,2,44.0,,3.5,,,,,,26.7,,66.7,,,
Claude Virden,Forward,78.0,198.0,Murray State,1970,3,71.0,2.5,21.0,11.0,,,,2.6,49.1,,76.7,,,
Duane Virgil,Center,81.0,206.0,Murray State,1999,2,66.0,,9.8,6.0,0.7,0.7,0.6,,55.2,33.3,60.8,55.4,,7.3
John Virgil,Guard,78.0,198.0,UNC,1980,4,112.0,0.1,4.8,1.2,0.4,0.5,0.1,0.9,55.6,,63.9,,,
Ron Virgil,Forward,76.0,193.0,Iowa State,1985,3,120.0,16.0,4.9,2.1,1.5,0.8,0.1,1.0,49.5,,69.6,,,
Don Virostek,School: Pitt,,,,1953,3,,,,,,,,,,,,,,
Mike Virtue,Forward,77.0,196.0,George Mason,1996,1,18.0,,4.6,4.6,0.4,0.4,0.6,,42.5,31.4,56.3,50.0,,0.6
LeTrell Viser,Guard,74.0,185.0,Eastern Illinois,2015,1,32.0,22.8,6.2,2.5,1.1,1.3,0.5,1.2,36.6,33.3,52.4,47.9,10.9,1.0
Zoran Viskovic,Center,83.0,211.0,Valparaiso,1999,3,93.0,,11.0,5.9,1.0,0.3,1.4,,59.5,0.0,67.6,59.5,,13.3
John Vislosky,Forward,78.0,198.0,Army,1980,2,25.0,,1.5,1.0,,,,,51.9,,40.9,,,
B.J. Visman,Forward,80.0,203.0,UC-Riverside,2008,2,34.0,,3.3,3.1,0.3,0.4,0.4,0.8,43.9,0.0,40.7,43.9,,0.3
Nick Visnic,Guard,,,,1961,3,55.0,,3.3,1.6,,,,,36.4,,49.1,,,
Josko Visnjic,Forward,,,,1998,1,28.0,,9.4,2.5,0.9,0.8,0.3,,30.6,30.7,83.3,41.5,,0.7
Deirunas Visockas,Guard,76.0,192.0,  Schools: Lafayette and Boston College,2012,3,38.0,5.7,2.6,0.8,0.5,0.1,0.0,0.4,41.3,34.0,80.0,51.9,,0.5
Donatas Visockis,Center,82.0,208.0,Southern Miss,2006,1,18.0,,0.9,1.2,0.1,0.2,0.1,,20.0,,54.5,20.0,,0.0
David Visscher,Guard,73.0,185.0,Brown,1987,2,48.0,24.2,6.5,3.2,2.6,1.6,0.1,1.9,40.7,,78.0,,,
David Visscher,Guard,73.0,185.0,Florida,1984,2,22.0,7.2,,,0.5,0.5,0.0,0.6,,,,,,
Gene Visscher,Center,,,,1966,2,50.0,,19.7,12.8,,,,,50.6,,63.7,,,
Kyle Visser,Center,83.0,211.0,Wake Forest,2006,3,127.0,,7.3,3.9,0.5,0.5,0.9,,54.9,33.3,62.3,55.0,,8.0
Nicholas Vita,Forward,75.0,190.0,Fordham,2006,2,47.0,,1.6,2.3,0.5,0.3,0.1,,38.3,0.0,63.6,38.3,,0.4
Christian Vital,Guard,74.0,178.0,UConn,2017,1,31.0,28.5,9.1,3.5,1.8,1.1,0.2,1.3,39.1,36.6,70.8,50.2,13.4,2.3
Matt Vitale,Forward,78.0,198.0,Wagner,2006,3,109.0,,6.2,2.9,0.5,0.5,0.2,,39.4,39.4,59.3,54.0,,5.1
Mike Vitale,Guard,,,,1952,2,27.0,,3.6,,,,,,,,43.8,,,
Russ Vitallo,School: UMass,,,,1966,1,4.0,,1.8,1.2,,,,,50.0,,60.0,,,
Augustinas Vitas,Center,83.0,211.0,Birmingham-Southern,2005,2,56.0,,3.8,2.4,0.5,0.1,0.2,,57.2,,62.9,57.2,,2.2
Marv Vitatoe,Guard,75.0,190.0,Hawaii,1974,2,42.0,,7.4,1.3,,0.6,,1.9,47.7,,63.6,,,
Larry Vitelli,School: LIU-Brooklyn,,,,1977,1,,,,,,,,,,,,,,
Paul Vitelli,Forward,80.0,203.0,Yale,2003,3,113.0,,7.9,5.2,1.2,0.8,0.4,,40.1,36.5,76.6,49.7,,7.5
Frank Vitetta,School: Penn,,,,1953,1,14.0,,1.6,0.4,,,,,41.2,,81.8,,,
Joe Vitko,Center,80.0,203.0,Saint Francis (PA),1989,2,31.0,15.0,4.9,3.6,0.5,0.9,0.9,1.4,57.8,,62.5,57.8,,
Johnny Vitrano,Guard,74.0,188.0,Southern Miss,1969,2,50.0,,14.1,4.0,,,,,57.8,,72.3,,,
Vernon Vittatoe,Forward,76.0,193.0,Hardin-Simmons,1985,2,18.0,1.0,,1.5,,0.0,0.0,0.0,,,,,,
Vince Vittatoe,Forward,77.0,196.0,Hardin-Simmons,1984,3,87.0,13.5,6.0,2.6,,0.3,0.2,0.6,43.1,,63.3,,,
Matt Vivas,Guard,76.0,193.0,Utah,2000,1,5.0,,0.0,0.8,0.0,0.2,0.0,,0.0,,,0.0,,-0.1
Chris Viven,Guard,70.0,185.0,Manhattan,2012,1,5.0,1.4,0.0,0.0,0.0,0.8,0.0,0.2,0.0,0.0,,0.0,20.2,0.0
John Vivian,School: Illinois,,,,1993,1,1.0,,0.0,,0.0,0.0,0.0,,,,,,,
Joe Viviano,Forward,78.0,198.0,Holy Cross,1988,3,96.0,,6.2,2.7,0.9,0.5,0.1,0.8,44.8,,68.8,,,
Joe Viviano,Forward,77.0,196.0,Xavier,1958,2,58.0,,15.7,11.4,,,,,43.4,,73.1,,,
John Vlahogeorge,Guard,73.0,185.0,Arizona,1982,1,16.0,5.1,2.0,0.5,0.2,0.0,0.1,0.7,46.4,,66.7,,,
Andrew Vlahov,Forward,79.0,201.0,Stanford,1990,3,110.0,,7.1,4.9,2.5,1.2,0.3,,44.6,21.9,58.0,46.5,,
Tony Vlastelica,Center,77.0,196.0,Oregon State,1955,3,86.0,,11.0,,,,,,,,,,,
Gregory Vlazny,Guard,74.0,188.0,North Carolina-Greensboro,2007,2,10.0,,1.3,0.4,0.0,0.1,0.0,,30.8,33.3,50.0,46.2,,0.0
Greg Vlosich,Guard,72.0,183.0,Cleveland State,2007,3,23.0,,0.6,0.6,0.2,0.3,0.0,,26.3,0.0,42.9,26.3,,-0.2
Gary Voce,Forward,81.0,240.0,Notre Dame,1987,3,108.0,19.9,5.5,4.9,0.4,0.6,0.4,,54.7,,74.2,,,
Tom Vodanovich,Forward,80.0,220.0,James Madison,2016,3,120.0,22.3,5.5,4.1,0.7,0.5,0.3,1.5,48.1,23.9,62.6,51.3,9.6,3.8
Mike Vodicka,Guard,,,,1998,2,29.0,,3.0,1.0,0.5,0.2,0.0,,39.3,40.0,81.1,51.8,,0.6
Mark Vodopia,5-11 (180cm) ,,,,1955,1,10.0,,0.2,0.2,,,,,,,66.7,,,
Chris Voegele,Guard,,,,1974,2,29.0,,2.2,0.6,,,,,40.3,,76.9,,,
Joe Voegele,6-1 (185cm) ,,,,1959,1,24.0,,2.2,0.9,,,,,44.4,,71.8,,,
Brad Voegerl,Guard,73.0,185.0,Mercer,1977,1,21.0,,2.6,0.8,,,,,41.8,,75.0,,,
Karl Voeglin,Forward,77.0,196.0,Washington,1956,3,73.0,,7.6,4.2,,,,,31.5,,65.1,,,
Brian Voelkel,Forward,78.0,210.0,Vermont,2013,3,134.0,30.9,6.0,8.7,5.1,1.5,0.2,2.2,40.5,27.8,63.7,43.1,19.0,16.7
Ray Voelkel,Forward,77.0,196.0,American,1979,4,,0.4,,,,1.5,0.4,1.5,,,,,,
Eddie Voelker,Guard,74.0,188.0,Tennessee,1973,3,54.0,,1.2,0.5,1.2,,,,36.1,,67.8,,,
Ron Voelker,Center,81.0,206.0,Green Bay,1984,3,61.0,11.6,1.6,2.2,0.4,0.4,0.1,0.7,49.1,,51.8,,,
Joel Voelkert,Guard,76.0,193.0,Western Michigan,1970,3,71.0,,8.6,4.3,,,,,40.5,,65.7,,,
Mark Voetsch,School: Rider,,,,1974,2,7.0,,,,,,,,,,,,,
Al Vogel,School: Columbia,,,,1948,1,24.0,,11.4,,,,,,,,60.3,,,
Dennis Vogel,Guard,76.0,193.0,Loyola Marymount,1986,3,72.0,12.9,4.6,1.0,0.6,0.4,0.1,0.9,43.8,,,,,
Evan Vogel,Guard,71.0,180.0,Syracuse,1997,1,6.0,,0.5,0.3,0.3,0.2,0.0,,50.0,,25.0,50.0,,0.0
Jerry Vogel,Guard,74.0,188.0,Alabama,1959,3,44.0,,3.8,1.4,,,,,44.2,,44.3,,,
Joe Vogel,Center,82.0,208.0,Colorado State,1995,3,115.0,,8.3,4.5,0.4,0.5,1.6,,45.9,37.5,66.4,47.0,,
Warren Vogel,6-4 (193cm) ,,,,1964,2,46.0,,8.8,4.5,,,,,44.8,,59.1,,,
Dick Vogele,School: Cincinnati,,,,1955,4,,,,,,,,,,,,,,
Rich Vogeley,Forward,76.0,193.0,UMass,1972,3,64.0,,6.2,3.1,0.6,,,,48.6,,81.6,,,
Bob Vogelsang,Guard,72.0,183.0,Loyola Marymount,1979,1,2.0,0.0,2.0,,,0.5,0.0,2.0,50.0,,,,,
Karl Vogelsang,6-5 (196cm) ,,,,1962,1,22.0,,3.2,2.4,,,,,29.0,,59.1,,,
_ Vogelsang,6-5 (196cm) ,,,,1964,1,21.0,,3.2,2.0,,,,,32.1,,69.2,,,
Adam Vogelsberg,Guard,76.0,193.0,Middle Tennessee,2007,2,29.0,,12.0,2.3,1.6,0.5,0.0,,41.5,41.7,90.8,58.0,,3.4
Michael Vogler,Guard,73.0,185.0,Troy,2010,3,93.0,34.9,9.6,3.4,5.1,1.9,0.1,2.3,46.9,41.1,76.6,53.2,,8.1
Thad Vogler,School: Yale,,,,1989,1,6.0,4.2,1.2,0.8,,0.0,0.0,0.3,33.3,,50.0,,,
Matt Vogrich,Guard,76.0,200.0,Michigan,2012,3,124.0,9.3,2.1,1.1,0.3,0.3,0.0,0.3,39.8,34.6,64.0,51.7,10.9,2.6
Bill Vogt,School: Rider,,,,1988,1,4.0,8.3,1.2,1.2,,0.0,0.0,0.0,16.7,,50.0,,,
Bob Vogt,School: Seton Hall,,,,1985,2,16.0,1.5,0.6,0.4,,0.1,0.0,0.3,42.9,,,,,
Carl Vogt,6-3 (190cm) ,,,,1958,1,25.0,,9.5,4.1,,,,,42.8,,81.4,,,
Chuck Vogt,Forward,78.0,198.0,Iowa State,1957,3,67.0,,9.2,7.5,,,,,36.0,,67.3,,,
Karl Vogt,6-3 (190cm) ,,,,1957,1,22.0,,4.4,2.0,,,,,33.1,,54.5,,,
Leon Vogt,Center,81.0,206.0,Tulane,1953,1,4.0,,0.5,0.5,,,,,33.3,,,,,
Ron Vogt,School: Idaho,,,,1992,1,1.0,2.0,,1.0,1.0,0.0,1.0,1.0,,,,,,
Bill Voight,Forward,75.0,190.0,SMU,1969,3,74.0,,16.4,7.8,,,,,47.2,,72.7,,,
Frank Voight,Forward,75.0,190.0,Iowa State,1950,2,5.0,,,,,,,,,,,,,
Ken Voight,Guard,71.0,180.0,LSU,1967,1,10.0,,1.7,0.5,0.3,,,,54.5,,83.3,,,
Ted Voight,Forward,78.0,198.0,Wisconsin,1969,3,49.0,,3.6,2.4,,,,,42.6,,45.7,,,
Jarod Voisin,School: Nicholls State,,,,2003,1,3.0,,0.0,0.0,0.0,0.3,0.0,,0.0,0.0,,0.0,,0.0
Mark Voitik,Guard,75.0,190.0,Georgia Southern,1989,3,60.0,4.2,1.7,0.8,0.8,0.3,0.0,0.3,35.5,31.7,58.6,45.7,,
_ Voitik,Guard,75.0,190.0,Georgia Southern,1986,1,22.0,,1.6,0.5,1.0,0.2,0.1,,41.0,,25.0,,,
Vuk Vojinovic,Guard,76.0,193.0,Pepperdine,2008,2,5.0,,1.0,1.0,0.2,0.2,0.0,0.3,28.6,16.7,,35.7,,0.0
Nicholas Vojvodich,6-6 (198cm) ,,,,1957,1,8.0,,0.5,0.2,,,,,16.7,,40.0,,,
Bernd Volcic,Center,82.0,208.0,New Orleans,1997,1,28.0,,5.7,3.6,0.8,0.5,0.7,,55.9,54.5,51.1,61.3,,2.5
Frantz Volcy,Forward,80.0,203.0,Seton Hall,1989,3,114.0,16.3,6.2,3.4,0.4,0.4,0.8,1.0,49.3,,71.4,49.3,,
Donald Volding,School: Texas A&M,,,,1948,1,20.0,,2.2,,,,,,,,,,,
Harrie Volkers,Center,80.0,203.0,Western Michigan,1964,2,17.0,,0.7,1.6,,,,,21.1,,,,,
Mike Volkman,Guard,72.0,183.0,Miami (FL),1966,2,24.0,,1.3,0.4,,,,,33.3,,66.7,,,
Vaidotas Volkus,Forward,80.0,203.0,Missouri,2008,2,51.0,,2.2,1.7,0.1,0.2,0.2,0.4,46.6,,69.0,46.6,,1.1
Bob Vollers,Forward,74.0,188.0,Iowa,1950,3,,,,,,,,,,,,,,
Andrew Vollert,Forward,77.0,226.0,San Jose State,2015,1,3.0,18.7,3.0,1.0,0.0,0.0,0.0,0.7,57.1,100.0,,64.3,4.1,0.0
Don Vollintine,School: UTEP,,,,1960,2,38.0,,7.0,3.6,,,,,32.3,,62.4,,,
Paul Vollmer,Forward,76.0,193.0,Marquette,1975,4,,,,,,,,,,,,,,
Dennis Vollom,Guard,75.0,190.0,University of California,1962,1,20.0,,3.3,1.9,,,,,29.7,,44.4,,,
Vince Volmut,School: Hofstra,,,,1975,1,,,,,,,,,,,,,,
_ Volmut,School: Hofstra,,,,1974,1,,,,,,,,,,,,,,
Michael Volovic,Guard,69.0,165.0,Butler,2014,1,4.0,2.5,2.8,0.5,0.2,0.0,0.0,0.0,66.7,33.3,66.7,75.0,56.2,0.1
Tim Volpenhein,Center,84.0,213.0,Eastern Kentucky,2004,3,69.0,,3.8,3.2,0.4,0.3,0.7,,43.2,0.0,62.5,43.2,,1.6
Don Volpi,6-1 (185cm) ,,,,1958,1,13.0,,2.2,1.9,,,,,29.3,,44.4,,,
_ Von Amelunxen,School: West Texas A&M,,,,1984,1,,,,,,,,,,,,,,
Phil Von Buchwaldt,Center,83.0,211.0,Santa Clara,1995,3,100.0,,3.4,3.1,0.3,0.3,0.3,,37.9,0.0,59.0,37.9,,
Felix Von Hofe,Forward,77.0,200.0,Eastern Washington,2016,3,128.0,23.1,8.3,2.2,0.7,0.4,0.3,0.6,41.0,39.9,74.1,56.5,13.7,6.9
Gary Von Krosigk,Forward,76.0,193.0,Wyoming,1969,3,80.0,,6.1,6.9,,,,,45.7,,61.9,,,
John Von Lehman,Center,80.0,203.0,Dayton,1974,2,53.0,,5.7,6.1,,,,,43.2,,62.3,,,
Jeff Von Lutzow,Forward,81.0,206.0,UC-Irvine,1993,3,85.0,23.8,12.2,5.6,0.9,0.8,0.9,1.9,47.0,34.9,80.1,52.8,,
Jeff Von Lutzow,Forward,81.0,206.0,UC-Irvine,1990,1,26.0,19.6,9.4,5.2,0.6,0.5,0.8,1.7,55.6,23.5,65.8,56.7,,
Donnie Von Moore,Forward,81.0,206.0,Kansas,1978,4,97.0,1.8,7.5,5.3,,0.6,1.7,,47.5,,62.1,,,
J. Von Nieda,School: Drexel,,,,1979,1,7.0,,0.3,1.1,,,,,25.0,,,,,
John Von Nieda,Forward,79.0,201.0,Drexel,1982,2,24.0,,0.9,1.1,,,,,46.7,,58.3,,,
Jaret Von Rosenberg,Guard,74.0,188.0,Hartford,2009,3,94.0,,10.9,3.7,3.3,1.7,0.0,2.3,39.7,30.0,83.1,47.5,,5.7
Dale Von Seggern,Center,79.0,201.0,Nebraska,1970,2,42.0,,3.3,3.0,,,,,51.1,,60.9,,,
Gary von Waaden,Center,82.0,208.0,Portland,1984,1,22.0,,1.6,1.2,0.2,,,,53.6,,45.5,,,
Gary Von Waaden,Center,82.0,208.0,Portland,1981,1,25.0,7.4,1.8,1.4,0.2,0.0,0.1,0.4,42.1,,44.4,,,
_ Von Waaden,School: Portland,,,,1983,1,,,,,,,,,,,,,,
George Vonbackstrom,Center,85.0,216.0,Oregon State,2000,2,48.0,,2.9,1.9,0.5,0.2,0.6,,50.5,0.0,75.5,50.5,,1.7
Scott VonBargen,Center,85.0,216.0,Butler,1987,1,13.0,3.1,0.3,0.5,,0.0,0.2,0.1,,,57.1,,,
Rudy Vonburg,Center,78.0,198.0,Boston College,1959,1,11.0,,0.9,2.1,,,,,30.0,,50.0,,,
Rudy VonBurg,6-6 (198cm) ,,,,1958,1,14.0,,2.6,3.5,,,,,46.7,,34.8,,,
Luka Voncina,Guard,76.0,195.0,Charlotte,2012,1,8.0,15.6,3.0,0.8,1.0,0.4,0.1,1.3,36.0,31.3,50.0,46.0,4.3,0.0
Lou Vonderbrink,5-11 (180cm) ,,,,1956,1,28.0,,8.4,4.3,3.1,,,,36.7,,73.9,,,
Brian Vonderhaar,Guard,72.0,172.0,Dayton,2013,3,25.0,1.4,0.2,0.1,0.2,0.1,0.0,0.0,100.0,100.0,,125.0,16.8,0.1
Noah Vonleh,Forward,82.0,240.0,Indiana,2014,1,30.0,26.5,11.3,9.0,0.6,0.9,1.4,2.1,52.3,48.5,71.6,56.0,22.2,3.6
John VonLehman,Center,80.0,203.0,Dayton,1973,1,21.0,,8.3,7.3,,,,,51.0,,63.4,,,
Mike Vontoure,Guard,70.0,178.0,Saint Mary's (CA),1990,3,74.0,17.2,6.3,1.5,2.3,1.0,0.0,1.4,40.2,35.8,72.0,48.7,,
Ben Voogd,Guard,73.0,185.0,  Schools: LSU and Oregon,2009,3,67.0,,1.2,0.8,1.6,0.5,0.0,1.0,37.5,31.8,79.2,42.4,,1.4
Brandon Voorhees,Forward,79.0,201.0,Central Michigan,2004,2,47.0,,4.1,2.2,0.5,0.2,0.2,,41.3,42.0,73.2,52.3,,0.8
Wyatt Voorhes,Guard,73.0,185.0,UMKC,2016,1,1.0,1.0,0.0,0.0,0.0,0.0,0.0,0.0,,,,,0.0,0.0
Jack Voorhies,Guard,73.0,185.0,Arizona,1950,1,10.0,,0.9,,,,,,30.0,,60.0,,,
Jim Vopicka,Guard,74.0,188.0,Illinois,1965,2,47.0,,4.7,2.6,,,,,40.9,,75.4,,,
Mark Voreis,School: Illinois,,,,1970,1,,,,,,,,,,,,,,
Tim Vorel,Center,80.0,203.0,Furman,1990,3,74.0,3.6,1.4,0.7,0.2,0.1,0.1,0.3,48.3,,,,,
Chad Vorhis,Guard,,,,1998,1,10.0,,0.7,0.0,0.0,0.1,0.0,,33.3,33.3,100.0,41.7,,0.0
Kyle Vories,Forward,78.0,198.0,Texas-Rio Grande Valley,1994,2,39.0,,2.4,2.5,0.5,0.6,0.2,,44.9,35.3,70.4,48.7,,
Milan Vorkapich,6-3 (190cm) ,,,,1967,1,10.0,,2.2,0.7,,,,,22.9,,100.0,,,
Dick Vortman,Forward,77.0,196.0,University of California,1965,1,23.0,,4.2,3.3,,,,,35.9,,50.0,,,
Leo Vorvolakos,Forward,78.0,198.0,St. Francis (NY),1993,1,4.0,,0.0,,0.0,0.0,0.0,,,,,,,
Mike Vosburgh,Guard,76.0,193.0,Mississippi State,1973,3,47.0,,,1.0,0.6,,,,,,,,,
Kevin Vosilla,Forward,79.0,201.0,Rider,2008,3,54.0,,1.3,0.9,0.2,0.1,0.1,0.1,52.8,0.0,68.2,52.8,,0.6
Jake Voskuhl,Center,83.0,245.0,UConn,1999,3,138.0,21.6,6.3,6.4,0.9,0.6,1.4,1.6,54.2,,65.6,54.2,,18.2
Joe Voskuhl,Forward,80.0,203.0,Tulsa,1973,3,76.0,,7.6,8.3,,,,,52.8,,61.9,,,
Alan Voskuil,Guard,75.0,190.0,Texas Tech,2008,3,127.0,,8.7,2.8,1.3,0.9,0.0,1.5,44.6,44.1,85.7,57.8,,9.7
James Voskuil,Forward,80.0,203.0,Michigan,1992,3,95.0,14.7,3.9,2.0,0.7,0.4,0.3,1.1,41.7,40.8,56.4,51.3,,
Colin Voss,Forward,79.0,240.0,  Schools: Central Michigan and North Texas,2015,3,92.0,27.7,5.8,4.4,0.9,0.5,0.6,1.5,46.2,50.0,72.9,46.5,13.1,4.4
Conor Voss,Center,85.0,250.0,Columbia,2016,3,72.0,4.8,1.1,1.1,0.2,0.1,0.3,0.4,50.9,,59.0,50.9,12.5,0.7
David Voss,Guard,,,,1961,3,75.0,,14.3,6.2,,,,,43.5,,81.1,,,
Paul Voss,School: BYU,,,,1978,1,2.0,0.0,0.5,0.5,,0.0,0.0,0.0,,,50.0,,,
Roger Voss,Center,,,,1961,2,41.0,,13.9,8.6,,,,,43.2,,65.7,,,
Ryan Voss,School: Eastern Illinois,,,,2007,1,9.0,,0.1,0.6,0.0,0.0,0.0,,,,50.0,,,0.0
B.J. Vossekuil,Forward,79.0,201.0,Penn State,2002,3,79.0,,0.9,0.9,0.3,0.1,0.1,,39.7,30.0,69.6,44.4,,0.4
Brennan Votel,Center,79.0,201.0,Penn,2008,3,92.0,,3.5,2.2,0.6,0.3,0.2,1.4,45.2,19.3,51.7,46.9,,1.5
Marios Voulgaridis,Forward,80.0,203.0,VCU,1995,1,1.0,,0.0,1.0,0.0,0.0,0.0,,,,,,,
Brice Vounang,Forward,80.0,203.0,San Diego,2005,2,57.0,,16.0,7.2,1.0,1.1,0.4,,53.2,0.0,71.7,53.2,,4.2
Alex Vouyoukas,Forward,81.0,235.0,  Schools: Marist and UTSA,2012,3,88.0,13.4,3.2,2.3,0.6,0.3,0.9,1.1,43.9,33.3,68.4,44.4,,1.6
Ian Vouyoukas,Center,82.0,208.0,Saint Louis,2006,3,110.0,,9.5,5.8,1.1,0.4,1.2,,52.0,17.9,64.5,52.4,,12.3
Rob Vozenilek,Guard,74.0,190.0,Virginia,2015,3,30.0,2.3,0.4,0.2,0.2,0.0,0.0,0.1,33.3,40.0,33.3,40.0,5.8,0.1
Ben Vozzola,Guard,77.0,190.0,  Schools: San Diego and Cal State Northridge,2014,2,36.0,9.6,2.8,1.0,0.9,0.3,0.0,0.9,36.4,35.8,100.0,46.0,7.9,0.0
Danny Vranes,Forward,79.0,210.0,Utah,1980,3,111.0,31.1,15.5,8.6,1.3,1.0,0.6,1.8,58.4,,71.5,,,
Michael Vranes,Guard,75.0,190.0,BYU,2000,3,94.0,,8.8,3.8,2.7,1.1,0.3,,40.3,38.8,56.4,48.0,,3.1
Milos Vranes,Forward,79.0,200.0,Southeast Missouri State,2017,1,31.0,18.4,5.8,3.3,0.5,0.7,0.1,0.7,48.8,36.8,64.1,59.7,14.2,1.6
Brian Vraney,Forward,,,,1998,3,30.0,2.2,1.0,0.8,0.0,0.0,0.0,,50.0,,87.5,50.0,,0.3
Jim Vranizan,Forward,76.0,193.0,Oregon,1951,2,36.0,,2.3,,,,,,21.3,,56.3,,,
_ Vrankavich,5-11 (180cm) ,,,,1962,1,15.0,,2.6,0.7,,,,,33.3,,86.7,,,
Antonio Vrankovic,Center,85.0,270.0,Duke,2017,2,18.0,6.4,2.1,2.3,0.3,0.1,0.3,0.6,71.4,,63.6,71.4,20.0,0.5
Russ Vrankovich,Guard,71.0,180.0,Santa Clara,1964,2,50.0,,15.3,3.6,,,,,39.4,,84.7,,,
Ljubisa Vrcelj,Center,83.0,211.0,Jacksonville,2006,3,99.0,,2.6,2.5,0.3,0.3,0.3,,38.5,25.0,47.2,39.4,,-0.5
Peter Vreeland,School: Navy,,,,1962,1,,,,,,,,,,,,,,
Mike Vreeswyk,Forward,79.0,201.0,Temple,1988,3,119.0,30.1,13.9,4.4,1.2,0.8,0.1,1.0,40.5,,81.5,,,
Monte Vrenon,Guard,74.0,188.0,Weber State,1968,2,52.0,,7.0,2.9,,,,,42.4,,61.3,,,
Robert Vriend,Forward,79.0,201.0,Duquesne,1989,1,15.0,,0.7,0.6,0.1,0.1,0.1,,26.7,,40.0,26.7,,
Paul Vrind,Center,86.0,218.0,Villanova,1991,3,53.0,,1.0,0.9,,0.1,0.2,,37.2,,46.3,,,
Andrew Vroman,Guard,75.0,190.0,Ohio,2008,1,6.0,,0.3,0.2,0.2,0.0,0.0,0.2,0.0,,100.0,0.0,,0.0
Jackson Vroman,Forward,82.0,220.0,Iowa State,2004,2,63.0,30.6,13.2,9.5,2.1,1.2,1.1,2.8,55.8,7.7,51.2,55.9,,8.7
Nick Vrotsos,Guard,74.0,188.0,Alabama,1951,4,,,,,,,,,,,,,,
Maurice Vrumans,6-6 (198cm) ,,,,1959,1,,,,,,,,,,,,,,
Igor Vrzina,Forward,80.0,203.0,Idaho,2006,1,26.0,,4.3,2.8,0.5,0.4,0.1,,37.4,20.0,63.6,38.8,,-0.1
Marko Vucajnk,Center,83.0,211.0,Marist,2006,1,8.0,,0.5,0.0,0.0,0.0,0.0,,33.3,,100.0,33.3,,0.0
Sergej Vucetic,Center,85.0,238.0,Nebraska,2014,2,18.0,1.9,0.7,0.3,0.0,0.0,0.1,0.0,75.0,,0.0,75.0,19.6,0.1
Sergej Vucetic,Center,85.0,238.0,Evansville,2017,2,35.0,8.8,2.3,1.5,0.2,0.0,0.5,0.8,45.9,,68.4,45.9,7.7,0.3
Nikola Vucevic,Forward,82.0,220.0,USC,2011,3,87.0,27.7,11.1,8.0,1.1,0.5,1.1,1.5,50.9,30.3,74.6,53.5,,12.0
Hrvoje Vucic,Center,85.0,245.0,Valparaiso,2012,2,33.0,6.5,1.3,1.4,0.2,0.1,0.3,0.5,38.6,0.0,69.2,38.6,7.5,0.2
Jere Vucica,Forward,81.0,204.0,Miami (OH),2016,1,8.0,10.8,5.1,2.6,0.1,0.1,0.0,0.4,46.9,16.7,62.5,48.4,21.0,0.3
Lolly Vuckchevkin,Forward,75.0,190.0,Arizona State,1957,1,2.0,,1.0,4.0,,,,,33.3,,,,,
Ivan Vujic,Center,83.0,211.0,Valparaiso,2000,2,64.0,,10.6,5.7,1.9,0.4,1.0,,56.3,0.0,49.8,56.3,,6.9
Vukasin Vujovic,Forward,81.0,220.0,Boise State,2013,1,9.0,4.0,1.2,0.4,0.0,0.0,0.1,0.3,23.1,20.0,100.0,26.9,3.4,0.0
Fred Vukas,Guard,70.0,178.0,Idaho State,1968,2,38.0,,3.7,0.8,,,,,37.8,,79.3,,,
John Vukasevich,6-8 (203cm) ,,,,1974,1,24.0,,6.0,4.1,,,,,41.8,,67.6,,,
John Vukasovich,Center,,,,1976,3,60.0,,3.5,,,,,,46.2,,60.3,,,
Tony Vukelich,Center,81.0,206.0,Santa Clara,1985,3,47.0,6.2,1.5,1.3,,0.1,0.2,0.8,48.0,,,,,
_ Vukelich,School: Santa Clara,,,,1982,1,,,,,,,,,,,,,,
Ohil Vukicevich,6-1 (185cm) ,,,,1953,1,23.0,,12.9,,,,,,41.7,,64.3,,,
Phil Vukievich,Guard,,,,1951,1,26.0,,7.8,4.6,1.8,,,,36.2,,69.6,,,
Mike Vukmanovich,Forward,78.0,198.0,Duquesne,2002,1,4.0,,0.0,0.5,0.2,0.0,0.0,,0.0,0.0,,0.0,,-0.1
Tonko Vuko,Forward,80.0,230.0,Pacific,2017,2,54.0,19.4,4.9,3.7,0.7,0.3,0.1,0.8,49.0,26.5,73.2,52.3,11.7,2.5
Joe Vukovic,Center,79.0,201.0,Albany (NY),2002,3,78.0,,4.2,4.2,0.5,0.8,0.5,,45.3,0.0,56.5,45.3,,1.6
M. Vukovich,School: Akron,,,,1980,1,,,,,,,,,,,,,,
Mike Vukovich,Forward,81.0,206.0,UCSB,2002,3,83.0,,6.3,3.5,0.5,0.3,0.6,,55.4,,68.9,55.4,,5.6
Mike Vukovich,Forward,,,,1998,1,23.0,,2.8,2.5,0.4,0.2,0.3,,40.7,,74.1,40.7,,0.2
Pete Vukovich,Guard,,,,1948,1,,,,,,,,,,,,,,
Sam Vukovich,Guard,74.0,188.0,DePaul,1950,2,,,,,,,,,,,,,,
Vedran Vukusic,Forward,80.0,203.0,Northwestern,2005,3,112.0,31.9,14.1,3.5,2.1,1.1,0.6,2.2,47.8,37.6,75.5,56.8,,15.0
Luka Vulikic,Guard,77.0,190.0,Eastern Washington,2017,1,32.0,16.0,2.9,2.8,0.7,0.4,0.3,0.9,43.2,30.8,55.6,45.7,8.5,0.4
Joe Vullo,School: Bucknell,,,,1981,2,19.0,3.5,1.7,0.3,0.1,0.1,0.0,,47.8,,78.6,,,
Pat Vuyancih,Forward,77.0,196.0,Cleveland State,1987,2,43.0,20.7,5.3,3.3,0.9,0.8,0.2,1.6,47.7,,76.6,,,
Phil Vvikicevich,Guard,73.0,185.0,San Francisco,1952,1,24.0,,10.5,5.3,2.2,,,,37.8,,56.8,,,
Ron Vyse,Guard,73.0,185.0,Montana State,1983,1,3.0,1.0,,,0.3,0.3,0.0,0.0,,,,,,
Sulskis Vytas,Guard,79.0,201.0,Youngstown State,2010,3,90.0,27.4,10.2,4.1,1.9,0.9,0.4,1.6,41.4,36.0,70.3,50.4,,7.2
